Order_ID,Order_Date,Customer_Name,Region,Category,Product,Quantity,Unit_Price,Sales,Profit
ORD-2024-00001,2024-02-25,Jesse Vance,North,Furniture,LED Desk Lamp with Wireless Charger,2,75.53,151.06,83.08
ORD-2024-00002,2023-04-22,Sam O'Connor,East,Technology,Dell XPS 15,5,1792.28,8961.4,1971.51
ORD-2024-00003,2023-03-19,Jesse Vance,North,Furniture,Acoustic Office Partition,1,355.95,355.95,113.9
ORD-2024-00004,2023-08-31,Robin Nakamura,East,Technology,Wireless Noise-Canceling Headphones,1,288.97,260.07,101.14
ORD-2024-00005,2023-09-29,Taylor Rossi,South,Apparel,High-Visibility Safety Vest,8,23.17,185.36,120.48
ORD-2024-00006,2023-03-01,Chris Santos,North,Furniture,Acoustic Office Partition,42,340.1,14284.2,4570.94
ORD-2024-00007,2023-06-11,Skyler Rossi,North,Technology,Logitech MX Master 3S Mouse,2,100.73,201.46,100.73
ORD-2024-00008,2023-05-03,Taylor Schmidt,East,Apparel,Embroidered Polo Shirt,7,38.6,270.2,167.52
ORD-2024-00009,2023-11-20,Chris Santos,East,Apparel,Embroidered Polo Shirt,7,36.6,256.2,158.84
ORD-2024-00010,2023-03-16,Reese Williams,Central,Technology,Logitech MX Master 3S Mouse,4,99.06,356.62,158.5
ORD-2024-00011,2023-03-12,Dakota Larsson,South,Office Supplies,Heavy-Duty Stapler & Staples,5,35.39,176.95,84.94
ORD-2024-00012,2024-10-31,Riley Kim,West,Furniture,LED Desk Lamp with Wireless Charger,2,82.47,156.69,82.47
ORD-2024-00013,2023-04-20,Emerson Takahashi,North,Office Supplies,Gel Ink Pens (Box of 50),6,27.17,163.02,97.81
ORD-2024-00014,2023-09-28,Jordan Dubois,West,Furniture,Solid Oak Conference Table,39,1910.93,67073.64,7452.62
ORD-2024-00015,2023-05-14,Dakota Larsson,North,Furniture,Solid Oak Conference Table,7,1861.27,12377.45,1954.34
ORD-2024-00016,2024-07-12,Avery Smith,East,Technology,UltraWide 34in Monitor,1,636.56,636.56,222.8
ORD-2024-00017,2023-02-10,Jamie Williams,East,Office Supplies,Gel Ink Pens (Box of 50),7,29.33,205.31,123.19
ORD-2024-00018,2023-08-31,Sam Smith,West,Office Supplies,Gel Ink Pens (Box of 50),6,28.79,172.74,103.64
ORD-2024-00019,2024-11-16,Robin Williams,North,Office Supplies,Gel Ink Pens (Box of 50),7,29.04,203.28,121.97
ORD-2024-00020,2024-04-16,Jordan Williams,West,Technology,USB-C Thunderbolt Dock,4,196.98,787.92,299.41
ORD-2024-00021,2023-03-13,Riley Santos,South,Apparel,Fleece Quarter-Zip Pullover,6,67.86,366.44,195.43
ORD-2024-00022,2023-07-02,Morgan Al-Mansoor,North,Furniture,Solid Oak Conference Table,6,1838.23,11029.38,2205.88
ORD-2024-00023,2023-04-29,Taylor Schmidt,North,Furniture,Acoustic Office Partition,1,340.68,340.68,109.02
ORD-2024-00024,2024-12-04,Taylor Rossi,West,Office Supplies,Thermal Label Printer,2,167.18,334.36,120.37
ORD-2024-00025,2024-11-10,Dakota Muller,West,Office Supplies,Thermal Label Printer,7,157.22,1100.54,396.19
ORD-2024-00026,2023-07-16,Robin Novak,East,Furniture,Steel Filing Cabinet,5,217.93,1089.65,305.1
ORD-2024-00027,2023-11-08,Emerson Takahashi,West,Technology,Wireless Noise-Canceling Headphones,8,297.26,2378.08,1070.14
ORD-2024-00028,2023-06-23,Kendall Vance,East,Furniture,Solid Oak Conference Table,2,1908.91,3817.82,763.56
ORD-2024-00029,2024-11-19,Sam Smith,North,Technology,USB-C Thunderbolt Dock,42,201.21,8450.82,3211.31
ORD-2024-00030,2024-10-06,Riley Patel,East,Furniture,LED Desk Lamp with Wireless Charger,3,80.23,228.66,120.35
ORD-2024-00031,2024-03-11,Kendall Nakamura,Central,Technology,USB-C Thunderbolt Dock,4,207.31,787.78,273.65
ORD-2024-00032,2024-04-20,Pat Al-Mansoor,East,Office Supplies,Archival Binder Set,120,43.39,4425.78,1106.44
ORD-2024-00033,2023-06-12,Pat Al-Mansoor,South,Office Supplies,Presentation Whiteboard 6x4,5,184.78,923.9,369.56
ORD-2024-00034,2024-10-03,Finley Nakamura,North,Technology,Wireless Noise-Canceling Headphones,6,293.61,1761.66,792.75
ORD-2024-00035,2023-05-22,Sam Rodriguez,East,Technology,Wireless Noise-Canceling Headphones,7,296.24,2073.68,933.16
ORD-2024-00036,2024-03-01,Robin Novak,South,Technology,USB-C Thunderbolt Dock,1,206.1,206.1,78.32
ORD-2024-00037,2024-01-25,Pat Novak,South,Furniture,Solid Oak Conference Table,7,1857.07,12999.49,2599.9
ORD-2024-00038,2024-09-09,Reese Schmidt,North,Office Supplies,Presentation Whiteboard 6x4,7,177.05,1239.35,495.74
ORD-2024-00039,2024-02-19,Sam Larsson,West,Office Supplies,Presentation Whiteboard 6x4,7,181.65,1271.55,508.62
ORD-2024-00040,2023-03-27,Skyler Rossi,West,Furniture,Electric Standing Desk,36,737.05,26533.8,6633.45
ORD-2024-00041,2023-12-12,Emerson Chen,North,Office Supplies,Presentation Whiteboard 6x4,2,179.47,323.05,107.69
ORD-2024-00042,2023-08-18,Sam Smith,North,Furniture,LED Desk Lamp with Wireless Charger,4,81.68,326.72,179.7
ORD-2024-00043,2023-09-02,Cameron Schmidt,North,Technology,Mechanical RGB Keyboard,5,152.98,764.9,321.26
ORD-2024-00044,2024-09-13,Morgan Larsson,West,Apparel,Corporate Softshell Jacket,2,85.67,171.34,94.24
ORD-2024-00045,2024-08-12,Finley Novak,South,Office Supplies,Presentation Whiteboard 6x4,4,172.83,691.32,276.53
ORD-2024-00046,2024-12-01,Reese Kim,West,Furniture,Ergonomic Mesh Chair,6,451.47,2437.94,541.77
ORD-2024-00047,2023-01-13,Dakota Nakamura,North,Office Supplies,Presentation Whiteboard 6x4,8,183.73,1469.84,
ORD-2024-00048,2024-06-18,Morgan Smith,East,Apparel,Fleece Quarter-Zip Pullover,8,64.77,518.16,300.53
ORD-2024-00049,2024-08-29,Cameron Kowalski,North,Technology,USB-C Thunderbolt Dock,8,193.9,1551.2,589.46
ORD-2024-00050,2024-09-16,Jordan Dubois,North,Office Supplies,Heavy-Duty Stapler & Staples,8,33.99,271.92,130.52
ORD-2024-00051,2023-12-15,Cameron O'Connor,East,Technology,Logitech MX Master 3S Mouse,4,94.9,379.6,189.8
ORD-2024-00052,2023-09-04,Robin Rodriguez,East,Office Supplies,Thermal Label Printer,2,156.71,313.42,112.83
ORD-2024-00053,2023-09-07,Casey Dubois,South,Technology,Logitech MX Master 3S Mouse,7,103.92,727.44,363.72
ORD-2024-00054,2023-12-27,Jordan Williams,South,Office Supplies,Heavy-Duty Stapler & Staples,4,34.35,137.4,65.95
ORD-2024-00055,2024-12-07,Cameron O'Connor,West,Technology,Dell XPS 15,5,1885.44,9427.2,2073.98
ORD-2024-00056,2024-01-05,Avery Nakamura,East,Technology,MacBook Pro 16,1,2512.33,2512.33,703.45
ORD-2024-00057,2023-05-10,Alex Nakamura,North,Furniture,Steel Filing Cabinet,8,219.53,1756.24,491.75
ORD-2024-00058,2023-02-22,Alex Patel,East,Technology,USB-C Thunderbolt Dock,8,190.52,1524.16,579.18
ORD-2024-00059,2023-02-24,Riley Kim,East,Technology,USB-C Thunderbolt Dock,4,191.41,765.64,290.94
ORD-2024-00060,2024-09-12,Kendall Nakamura,North,Furniture,Acoustic Office Partition,8,333.11,2664.88,852.76
ORD-2024-00061,2024-03-15,Riley Kowalski,North,Technology,Logitech MX Master 3S Mouse,4,100.24,400.96,200.48
ORD-2024-00062,2023-03-25,Morgan Larsson,East,Technology,Dell XPS 15,40,1833.07,73322.8,16131.02
ORD-2024-00063,2023-02-03,Robin Nakamura,South,Technology,Mechanical RGB Keyboard,4,155.32,621.28,260.94
ORD-2024-00064,2024-10-02,Finley Rossi,South,Furniture,Electric Standing Desk,3,780.63,2341.89,585.47
ORD-2024-00065,2023-03-15,Pat Rossi,South,Technology,USB-C Thunderbolt Dock,5,197.79,988.95,375.8
ORD-2024-00066,2023-11-08,Riley Patel,East,Office Supplies,Heavy-Duty Stapler & Staples,1,36.36,36.36,17.45
ORD-2024-00067,2023-01-27,Skyler Vance,West,Technology,Mechanical RGB Keyboard,1,156.44,156.44,65.7
ORD-2024-00068,2023-10-03,Jesse Vance,East,Furniture,Electric Standing Desk,5,726.11,3630.55,907.64
ORD-2024-00069,2024-10-12,Sam Williams,East,Office Supplies,Premium Copy Paper Carton,2,46.61,93.22,32.63
ORD-2024-00070,2024-12-11,Peyton Williams,Central,Furniture,LED Desk Lamp with Wireless Charger,1,78.64,66.84,31.45
ORD-2024-00071,2023-04-29,Alex Patel,West,Apparel,High-Visibility Safety Vest,8,23.79,190.32,123.71
ORD-2024-00072,2024-01-06,Dakota Larsson,East,Furniture,Steel Filing Cabinet,29,221.08,6411.32,-3846.79
ORD-2024-00073,2024-03-24,Chris Rossi,North,Office Supplies,Presentation Whiteboard 6x4,4,183.78,735.12,294.05
ORD-2024-00074,2023-01-15,Robin Patel,North,Furniture,Ergonomic Mesh Chair,8,470.12,3760.96,1128.29
ORD-2024-00075,2023-06-07,Sam Rodriguez,South,Furniture,LED Desk Lamp with Wireless Charger,8,82.79,662.32,364.28
ORD-2024-00076,2024-07-18,Riley Santos,Central,Technology,Dell XPS 15,3,1864.49,5593.47,1230.56
ORD-2024-00077,2024-02-29,Alex Patel,East,Technology,USB-C Thunderbolt Dock,31,205.72,6377.32,2423.38
ORD-2024-00078,2024-11-06,Emerson Kim,South,Furniture,Electric Standing Desk,7,746.65,4703.9,783.99
ORD-2024-00079,2024-12-15,Skyler Smith,North,Technology,Wireless Noise-Canceling Headphones,6,306.32,1837.92,827.06
ORD-2024-00080,2024-01-31,Finley Rossi,East,Apparel,Embroidered Polo Shirt,6,39.4,236.4,146.57
ORD-2024-00081,2024-03-26,Avery Smith,North,Technology,Wireless Noise-Canceling Headphones,3,286.29,858.87,386.49
ORD-2024-00082,2023-09-29,Alex Rossi,South,Technology,Mechanical RGB Keyboard,7,155.77,1090.39,457.96
ORD-2024-00083,2024-05-14,Jamie Patel,East,Office Supplies,Premium Copy Paper Carton,5,47.24,236.2,82.67
ORD-2024-00084,2024-03-20,Taylor Novak,South,Apparel,Corporate Softshell Jacket,1,81.14,81.14,44.63
ORD-2024-00085,2023-10-28,Logan Vance,North,Technology,Wireless Noise-Canceling Headphones,3,289.13,780.65,303.59
ORD-2024-00086,2024-09-26,Avery Smith,West,Office Supplies,Presentation Whiteboard 6x4,5,179.27,896.35,358.54
ORD-2024-00087,2024-04-21,Jordan Williams,North,Apparel,Embroidered Polo Shirt,5,38.53,192.65,119.44
ORD-2024-00088,2023-09-14,Pat Novak,North,Furniture,Solid Oak Conference Table,2,1801.38,3602.76,720.55
ORD-2024-00089,2024-08-11,Emerson Chen,South,Technology,Mechanical RGB Keyboard,5,141.67,708.35,297.51
ORD-2024-00090,2023-02-20,Robin Novak,West,Apparel,High-Visibility Safety Vest,4,24.26,97.04,63.08
ORD-2024-00091,2024-10-13,Logan Kim,East,Technology,UltraWide 34in Monitor,3,657.32,1971.96,690.19
ORD-2024-00092,2024-10-23,Casey Takahashi,South,Technology,USB-C Thunderbolt Dock,3,190.84,572.52,217.56
ORD-2024-00093,2024-03-01,Pat Rossi,West,Technology,Dell XPS 15,5,1858.45,9292.25,2044.29
ORD-2024-00094,2024-05-08,Robin Dubois,West,Apparel,Fleece Quarter-Zip Pullover,8,68.01,516.88,288.37
ORD-2024-00095,2024-11-23,Alex Schmidt,Central,Office Supplies,Presentation Whiteboard 6x4,2,185.23,296.37,74.09
ORD-2024-00096,2023-05-07,Skyler Larsson,West,Furniture,LED Desk Lamp with Wireless Charger,6,75.91,455.46,250.5
ORD-2024-00097,2023-01-26,Riley O'Connor,South,Furniture,Acoustic Office Partition,2,344.6,689.2,220.54
ORD-2024-00098,2024-12-18,Taylor Schmidt,North,Technology,Wireless Noise-Canceling Headphones,5,313.83,1412.23,549.2
ORD-2024-00099,2024-07-04,Pat Rossi,South,Technology,Wireless Noise-Canceling Headphones,7,301.61,2111.27,950.07
ORD-2024-00100,2024-02-29,Cameron O'Connor,East,Furniture,Steel Filing Cabinet,35,213.78,7482.3,2095.04
ORD-2024-00101,2023-08-30,Taylor O'Connor,Central,Office Supplies,Premium Copy Paper Carton,6,43.02,258.12,90.34
ORD-2024-00102,2023-05-06,Cameron Schmidt,North,Apparel,High-Visibility Safety Vest,1,22.92,22.92,14.9
ORD-2024-00103,2023-05-09,Dakota Larsson,North,Office Supplies,Gel Ink Pens (Box of 50),4,28.88,115.52,69.31
ORD-2024-00104,2023-06-01,Taylor Takahashi,North,Office Supplies,Archival Binder Set,3,42.17,126.51,65.79
ORD-2024-00105,2023-04-23,Jordan Dubois,North,Office Supplies,Premium Copy Paper Carton,4,45.4,163.44,45.4
ORD-2024-00106,2023-02-23,Pat Rossi,East,Technology,Wireless Noise-Canceling Headphones,8,307.31,2458.48,
ORD-2024-00107,2023-04-22,Taylor Schmidt,Central,Furniture,Electric Standing Desk,5,746.85,3734.25,933.56
ORD-2024-00108,2023-03-04,Skyler Schmidt,South,Apparel,High-Visibility Safety Vest,8,22.98,174.65,110.31
ORD-2024-00109,2023-03-09,Casey Dubois,East,Technology,Logitech MX Master 3S Mouse,7,103.9,727.3,363.65
ORD-2024-00110,2024-04-09,Taylor Rossi,North,Furniture,Steel Filing Cabinet,4,218.46,873.84,244.68
ORD-2024-00111,2024-02-28,Casey Takahashi,South,Technology,Wireless Noise-Canceling Headphones,7,293.39,2053.73,924.18
ORD-2024-00112,2023-06-06,Emerson Chen,North,Office Supplies,Presentation Whiteboard 6x4,7,172.74,1209.18,483.67
ORD-2024-00113,2023-05-14,Morgan Al-Mansoor,Central,Furniture,Acoustic Office Partition,2,336.97,673.94,215.66
ORD-2024-00114,2024-03-09,Finley Nakamura,North,Office Supplies,Thermal Label Printer,6,153.66,921.96,331.91
ORD-2024-00115,2023-06-08,Jordan Williams,West,Furniture,Electric Standing Desk,6,721.12,4326.72,1081.68
ORD-2024-00116,2023-08-20,Peyton Williams,Central,Office Supplies,Archival Binder Set,1,42.46,42.46,22.08
ORD-2024-00117,2024-12-11,Dakota Larsson,North,Technology,Dell XPS 15,6,1772.2,9569.88,1275.98
ORD-2024-00118,2024-08-02,Kendall Vance,North,Furniture,Ergonomic Mesh Chair,2,461.08,922.16,276.65
ORD-2024-00119,2024-03-05,Logan Kim,South,Furniture,Electric Standing Desk,2,778.75,1557.5,389.38
ORD-2024-00120,2024-09-24,Morgan Larsson,North,Technology,MacBook Pro 16,8,2477.55,19820.4,5549.71
ORD-2024-00121,2024-06-08,Jordan Williams,North,Technology,Wireless Noise-Canceling Headphones,8,299.81,2398.48,1079.32
ORD-2024-00122,2023-08-14,Jamie Murphy,North,Furniture,Acoustic Office Partition,4,349.09,1396.36,446.84
ORD-2024-00123,2023-10-24,Reese Schmidt,East,Technology,MacBook Pro 16,7,2507.14,17549.98,4913.99
ORD-2024-00124,2024-07-26,Robin Nakamura,North,Office Supplies,Heavy-Duty Stapler & Staples,7,33.32,233.24,111.96
ORD-2024-00125,2023-11-17,Kendall Vance,South,Furniture,Acoustic Office Partition,2,336.77,673.54,215.53
ORD-2024-00126,2024-09-24,Pat Rossi,West,Furniture,LED Desk Lamp with Wireless Charger,2,76.97,153.94,84.67
ORD-2024-00127,2024-06-20,Robin Dubois,South,Technology,USB-C Thunderbolt Dock,3,190.57,571.71,217.25
ORD-2024-00128,2024-06-27,Peyton Williams,South,Furniture,Solid Oak Conference Table,3,1801.21,5133.45,810.55
ORD-2024-00129,2023-06-27,Skyler Takahashi,North,Furniture,LED Desk Lamp with Wireless Charger,8,81.01,648.08,356.44
ORD-2024-00130,2024-04-04,Sam Larsson,East,Office Supplies,Archival Binder Set,6,40.53,218.86,102.13
ORD-2024-00131,2024-10-08,Jordan Dubois,East,Technology,UltraWide 34in Monitor,5,646.52,2909.34,808.15
ORD-2024-00132,2023-10-21,Pat Rossi,Central,Technology,USB-C Thunderbolt Dock,7,198.26,1387.82,527.37
ORD-2024-00133,2023-02-12,Dakota Nakamura,East,Furniture,Acoustic Office Partition,3,355.56,1066.68,341.34
ORD-2024-00134,2023-12-18,Casey Chen,East,Apparel,Corporate Softshell Jacket,40,89.17,3566.8,1961.74
ORD-2024-00135,2024-01-08,Skyler Smith,South,Technology,UltraWide 34in Monitor,1,667.77,667.77,233.72
ORD-2024-00136,2023-03-09,Finley Nakamura,East,Technology,Logitech MX Master 3S Mouse,3,97.35,292.05,146.03
ORD-2024-00137,2023-05-25,Taylor Rossi,Central,Apparel,Fleece Quarter-Zip Pullover,3,65.62,196.86,114.18
ORD-2024-00138,2023-11-14,,West,Furniture,LED Desk Lamp with Wireless Charger,2,80.15,136.25,64.12
ORD-2024-00139,2023-01-19,Robin Dubois,Central,Technology,Dell XPS 15,8,1743.59,13948.72,3068.72
ORD-2024-00140,2023-06-08,Dakota Muller,West,Technology,USB-C Thunderbolt Dock,1,202.22,202.22,76.84
ORD-2024-00141,2024-09-24,Skyler Rossi,North,Technology,Wireless Noise-Canceling Headphones,3,305.61,825.15,320.89
ORD-2024-00142,2024-11-23,Pat Al-Mansoor,East,Office Supplies,Presentation Whiteboard 6x4,8,175.21,1191.43,350.42
ORD-2024-00143,2023-07-18,Taylor Chen,Central,Technology,Logitech MX Master 3S Mouse,7,99.03,693.21,346.61
ORD-2024-00144,2023-06-15,Dakota Nakamura,North,Office Supplies,Archival Binder Set,42,43.57,1829.94,951.57
ORD-2024-00145,2023-04-16,Finley Nakamura,West,Office Supplies,Archival Binder Set,3,41.05,123.15,64.04
ORD-2024-00146,2023-05-31,,Central,Office Supplies,Premium Copy Paper Carton,6,46.94,281.64,98.57
ORD-2024-00147,2024-02-10,Alex Rossi,South,Furniture,Electric Standing Desk,1,736.4,662.76,110.46
ORD-2024-00148,2023-05-30,Morgan Rodriguez,West,Technology,UltraWide 34in Monitor,3,665.8,1997.4,699.09
ORD-2024-00149,2024-09-22,Cameron Schmidt,North,Technology,MacBook Pro 16,7,2401.84,16812.88,4707.61
ORD-2024-00150,2023-11-05,Taylor Dubois,South,Technology,Dell XPS 15,2,1728.99,3457.98,760.76
ORD-2024-00151,2023-01-17,Avery Smith,North,Furniture,Acoustic Office Partition,1,343.9,343.9,110.05
ORD-2024-00152,2024-03-02,Dakota Nakamura,North,Technology,Mechanical RGB Keyboard,1,147.37,147.37,61.9
ORD-2024-00153,2024-10-12,Robin Williams,North,Furniture,Solid Oak Conference Table,2,1821.29,3642.58,728.52
ORD-2024-00154,2024-10-05,Emerson Rossi,West,Technology,Logitech MX Master 3S Mouse,6,99.46,596.76,298.38
ORD-2024-00155,2023-06-29,Taylor Rossi,East,Office Supplies,Thermal Label Printer,3,164.98,445.45,128.69
ORD-2024-00156,2023-02-07,Sam Schmidt,West,Technology,MacBook Pro 16,31,2502.84,77588.04,21724.65
ORD-2024-00157,2024-07-10,Morgan Muller,West,Furniture,Ergonomic Mesh Chair,1,466.46,466.46,139.94
ORD-2024-00158,2023-05-08,Pat Rossi,West,Office Supplies,Presentation Whiteboard 6x4,7,177.1,1239.7,495.88
ORD-2024-00159,2024-12-09,Alex Rossi,North,Furniture,Acoustic Office Partition,2,337.64,675.28,216.09
ORD-2024-00160,2023-10-28,Finley Patel,South,Technology,MacBook Pro 16,7,2415.69,16909.83,4734.75
ORD-2024-00161,2024-04-02,,West,Technology,USB-C Thunderbolt Dock,5,201.78,1008.9,383.38
ORD-2024-00162,2023-02-28,Riley Santos,South,Technology,Mechanical RGB Keyboard,3,155.75,420.53,149.52
ORD-2024-00163,2023-02-05,Dakota Nakamura,West,Technology,Dell XPS 15,1,1817.91,1817.91,399.94
ORD-2024-00164,2024-01-15,Sam O'Connor,North,Technology,USB-C Thunderbolt Dock,7,195.31,1367.17,519.52
ORD-2024-00165,2023-04-27,Pat Novak,East,Technology,Dell XPS 15,2,1756.14,3512.28,772.7
ORD-2024-00166,2024-04-01,Morgan Smith,South,Technology,Logitech MX Master 3S Mouse,4,95.26,381.04,190.52
ORD-2024-00167,2024-04-07,Pat Rossi,South,Technology,Mechanical RGB Keyboard,6,151.5,909.0,381.78
ORD-2024-00168,2024-07-17,Finley Novak,West,Furniture,Solid Oak Conference Table,3,1904.33,5712.99,1142.6
ORD-2024-00169,2023-05-05,Riley Patel,North,Apparel,Embroidered Polo Shirt,35,37.88,1325.8,822.0
ORD-2024-00170,2023-05-13,Dakota Santos,North,Furniture,Ergonomic Mesh Chair,8,451.16,3609.28,1082.78
ORD-2024-00171,2024-08-11,Robin Rodriguez,East,Technology,UltraWide 34in Monitor,6,624.88,3749.28,1312.25
ORD-2024-00172,2024-07-18,Avery Nakamura,West,Furniture,Electric Standing Desk,1,774.85,774.85,193.71
ORD-2024-00173,2023-11-08,Pat Patel,Central,Technology,UltraWide 34in Monitor,5,671.45,2685.8,503.59
ORD-2024-00174,2024-07-18,Finley Smith,South,Technology,Mechanical RGB Keyboard,3,150.37,451.11,189.47
ORD-2024-00175,2023-06-25,Robin Dubois,West,Furniture,LED Desk Lamp with Wireless Charger,1,81.57,77.49,40.78
ORD-2024-00176,2024-10-18,Skyler Takahashi,East,Office Supplies,Heavy-Duty Stapler & Staples,1,34.99,34.99,16.8
ORD-2024-00177,2023-10-24,Logan Williams,East,Furniture,Solid Oak Conference Table,7,1812.53,12053.32,1903.15
ORD-2024-00178,2023-06-11,Robin Dubois,East,Furniture,Steel Filing Cabinet,6,227.95,1367.7,382.96
ORD-2024-00179,2023-12-20,Riley Santos,West,Apparel,Embroidered Polo Shirt,6,37.02,188.8,104.39
ORD-2024-00180,2023-09-11,Pat Novak,South,Technology,MacBook Pro 16,7,2436.09,17052.63,4774.74
ORD-2024-00181,2023-06-13,Morgan Muller,West,Office Supplies,Archival Binder Set,8,44.08,352.64,183.37
ORD-2024-00182,2023-11-12,Dakota Muller,Central,Furniture,Ergonomic Mesh Chair,4,437.18,1573.85,349.75
ORD-2024-00183,2023-10-16,Finley Nakamura,East,Furniture,LED Desk Lamp with Wireless Charger,2,78.45,156.9,86.3
ORD-2024-00184,2024-01-10,Reese Chen,North,Office Supplies,Heavy-Duty Stapler & Staples,4,34.52,138.08,66.28
ORD-2024-00185,2024-01-31,Sam Larsson,North,Furniture,Acoustic Office Partition,2,327.37,589.27,144.05
ORD-2024-00186,2023-12-14,Taylor Rossi,West,Furniture,Solid Oak Conference Table,7,1850.01,11655.06,1295.0
ORD-2024-00187,2024-12-31,Taylor Muller,East,Technology,Wireless Noise-Canceling Headphones,3,293.86,881.58,396.71
ORD-2024-00188,2024-09-23,Dakota Muller,East,Office Supplies,Heavy-Duty Stapler & Staples,8,35.73,285.84,137.2
ORD-2024-00189,2023-01-18,Logan Rossi,North,Technology,Mechanical RGB Keyboard,1,150.44,150.44,63.18
ORD-2024-00190,2024-11-02,Logan Kim,East,Office Supplies,Archival Binder Set,42,40.62,1706.04,887.14
ORD-2024-00191,2024-01-25,Skyler Vance,North,Technology,Mechanical RGB Keyboard,2,144.39,288.78,121.29
ORD-2024-00192,2024-03-04,Dakota Muller,North,Technology,Mechanical RGB Keyboard,8,154.55,1236.4,519.29
ORD-2024-00193,2023-03-05,Dakota Nakamura,North,Office Supplies,Archival Binder Set,8,42.11,336.88,175.18
ORD-2024-00194,2023-06-27,Jordan Dubois,South,Furniture,Acoustic Office Partition,5,343.74,1718.7,549.98
ORD-2024-00195,2023-09-10,Riley Kim,North,Technology,UltraWide 34in Monitor,4,661.35,2645.4,925.89
ORD-2024-00196,2024-05-06,Finley Nakamura,West,Technology,USB-C Thunderbolt Dock,7,206.88,1448.16,550.3
ORD-2024-00197,2023-12-20,Finley Nakamura,South,Apparel,Embroidered Polo Shirt,2,37.42,63.61,35.17
ORD-2024-00198,2024-05-05,Cameron Kowalski,East,Technology,USB-C Thunderbolt Dock,5,191.78,958.9,364.38
ORD-2024-00199,2024-08-23,Logan Vance,East,Technology,MacBook Pro 16,4,2387.17,9548.68,2673.63
ORD-2024-00200,2024-04-28,Casey Dubois,North,Technology,USB-C Thunderbolt Dock,3,197.15,591.45,224.75
ORD-2024-00201,2024-05-02,Finley Nakamura,West,Furniture,Electric Standing Desk,1,780.6,741.57,156.12
ORD-2024-00202,2024-07-01,Casey Chen,West,Office Supplies,Premium Copy Paper Carton,3,46.95,126.77,35.22
ORD-2024-00203,2024-05-22,Finley Kowalski,Central,Technology,Mechanical RGB Keyboard,1,141.69,141.69,59.51
ORD-2024-00204,2023-04-20,Riley Dubois,South,Apparel,Fleece Quarter-Zip Pullover,8,67.53,486.22,259.32
ORD-2024-00205,2023-10-07,Casey Takahashi,South,Technology,MacBook Pro 16,5,2553.63,11491.34,2298.27
ORD-2024-00206,2023-10-30,Taylor Takahashi,North,Furniture,Electric Standing Desk,7,774.52,5421.64,1355.41
ORD-2024-00207,2023-03-30,Sam O'Connor,North,Furniture,Ergonomic Mesh Chair,4,427.81,1711.24,
ORD-2024-00208,2024-04-02,Logan Kim,South,Office Supplies,Heavy-Duty Stapler & Staples,5,35.54,177.7,85.3
ORD-2024-00209,2023-03-05,Sam Nakamura,South,Office Supplies,Presentation Whiteboard 6x4,5,183.43,917.15,366.86
ORD-2024-00210,2023-10-30,Sam O'Connor,North,Technology,Dell XPS 15,8,1843.57,14748.56,3244.68
ORD-2024-00211,2024-03-01,Alex Schmidt,West,Office Supplies,Presentation Whiteboard 6x4,4,184.71,738.84,295.54
ORD-2024-00212,2024-09-02,Logan Vance,East,Office Supplies,Premium Copy Paper Carton,2,46.88,89.07,28.13
ORD-2024-00213,2024-08-09,Kendall Nakamura,South,Furniture,Electric Standing Desk,4,766.27,3065.08,766.27
ORD-2024-00214,2024-06-06,Riley Santos,South,Furniture,Ergonomic Mesh Chair,1,452.65,452.65,135.8
ORD-2024-00215,2023-11-12,Emerson Smith,North,Office Supplies,Presentation Whiteboard 6x4,2,171.82,309.28,103.1
ORD-2024-00216,2024-07-08,Morgan Rodriguez,Central,Apparel,Corporate Softshell Jacket,38,82.28,2813.98,1406.99
ORD-2024-00217,2024-01-19,Morgan Smith,South,Apparel,High-Visibility Safety Vest,7,22.99,160.93,104.6
ORD-2024-00218,2024-07-06,Casey Chen,South,Technology,USB-C Thunderbolt Dock,7,199.57,1396.99,530.86
ORD-2024-00219,2023-08-17,Taylor Chen,Central,Office Supplies,Premium Copy Paper Carton,7,45.14,315.98,110.59
ORD-2024-00220,2023-09-11,Cameron Kowalski,North,Furniture,Electric Standing Desk,2,714.92,1429.84,357.46
ORD-2024-00221,2024-09-21,Pat Williams,North,Office Supplies,Premium Copy Paper Carton,1,44.76,44.76,15.67
ORD-2024-00222,2023-02-19,Jordan Williams,South,Technology,MacBook Pro 16,1,2409.07,2409.07,674.54
ORD-2024-00223,2023-08-28,Skyler Vance,East,Office Supplies,Thermal Label Printer,6,155.79,934.74,336.51
ORD-2024-00224,2024-11-07,Alex Patel,South,Furniture,Steel Filing Cabinet,3,222.77,568.06,86.88
ORD-2024-00225,2023-02-18,Chris Santos,West,Apparel,High-Visibility Safety Vest,7,23.16,162.12,105.38
ORD-2024-00226,2024-07-04,Sam Rodriguez,South,Furniture,Electric Standing Desk,8,781.11,6248.88,1562.22
ORD-2024-00227,2024-03-02,Dakota Nakamura,South,Furniture,Electric Standing Desk,2,781.67,1563.34,390.84
ORD-2024-00228,2023-04-05,Peyton Dubois,North,Furniture,Electric Standing Desk,1,778.02,778.02,194.5
ORD-2024-00229,2024-08-24,Jamie Murphy,North,Office Supplies,Archival Binder Set,6,41.17,247.02,128.45
ORD-2024-00230,2023-08-05,Pat Al-Mansoor,West,Apparel,Corporate Softshell Jacket,4,86.66,346.64,190.65
ORD-2024-00231,2024-02-11,Peyton Dubois,West,Apparel,Fleece Quarter-Zip Pullover,6,63.75,382.5,221.85
ORD-2024-00232,2024-05-24,Robin Patel,East,Furniture,LED Desk Lamp with Wireless Charger,4,77.98,311.92,171.56
ORD-2024-00233,2024-07-30,Skyler Larsson,North,Office Supplies,Thermal Label Printer,7,156.72,1097.04,394.93
ORD-2024-00234,2023-08-24,Casey Dubois,North,Technology,USB-C Thunderbolt Dock,6,194.17,1165.02,442.71
ORD-2024-00235,2024-10-19,Taylor Dubois,North,Office Supplies,Presentation Whiteboard 6x4,3,183.97,551.91,220.76
ORD-2024-00236,2024-07-09,Robin Patel,East,Apparel,Corporate Softshell Jacket,1,87.25,87.25,47.99
ORD-2024-00237,2024-10-07,Cameron Schmidt,North,Technology,Mechanical RGB Keyboard,6,142.45,854.7,358.97
ORD-2024-00238,2024-09-23,Finley Smith,North,Apparel,High-Visibility Safety Vest,1,22.84,22.84,14.85
ORD-2024-00239,2024-07-02,Taylor Rossi,East,Apparel,Corporate Softshell Jacket,3,81.66,232.73,122.49
ORD-2024-00240,2023-09-04,Jordan Dubois,North,Technology,Logitech MX Master 3S Mouse,7,94.83,663.81,331.9
ORD-2024-00241,2024-04-15,Peyton Patel,North,Furniture,LED Desk Lamp with Wireless Charger,2,80.21,160.42,88.23
ORD-2024-00242,2023-02-02,Morgan Rodriguez,South,Technology,Wireless Noise-Canceling Headphones,12,305.07,3294.76,
ORD-2024-00243,2024-10-22,Reese Williams,Central,Office Supplies,Archival Binder Set,1,40.87,40.87,21.25
ORD-2024-00244,2024-12-09,Finley Kowalski,North,Office Supplies,Presentation Whiteboard 6x4,5,187.19,842.36,280.79
ORD-2024-00245,2023-01-17,Finley Novak,West,Apparel,Embroidered Polo Shirt,2,37.24,74.48,46.18
ORD-2024-00246,2024-08-03,Finley Rossi,East,Office Supplies,Presentation Whiteboard 6x4,3,185.23,555.69,222.28
ORD-2024-00247,2023-03-22,Reese Schmidt,North,Furniture,Solid Oak Conference Table,2,1820.51,3641.02,728.2
ORD-2024-00248,2024-09-01,Chris Larsson,North,Furniture,Solid Oak Conference Table,8,1848.26,14786.08,2957.22
ORD-2024-00249,2024-01-20,Peyton Dubois,East,Furniture,LED Desk Lamp with Wireless Charger,5,81.35,406.75,223.71
ORD-2024-00250,2023-03-26,Kendall Vance,East,Technology,Wireless Noise-Canceling Headphones,7,293.52,1951.91,821.86
ORD-2024-00251,2023-11-12,Pat Rossi,North,Furniture,Solid Oak Conference Table,8,1860.54,14140.1,2232.64
ORD-2024-00252,2023-12-29,Dakota Nakamura,East,Furniture,Acoustic Office Partition,1,332.92,299.63,73.24
ORD-2024-00253,2024-07-26,Cameron Murphy,East,Apparel,Embroidered Polo Shirt,3,36.63,109.89,68.13
ORD-2024-00254,2024-05-19,Logan Rossi,South,Technology,Dell XPS 15,2,1774.02,3548.04,780.57
ORD-2024-00255,2024-10-02,Skyler Schmidt,North,Furniture,Acoustic Office Partition,1,355.26,355.26,113.68
ORD-2024-00256,2024-09-27,Emerson Rossi,South,Technology,USB-C Thunderbolt Dock,3,195.03,585.09,222.33
ORD-2024-00257,2024-12-12,Dakota Santos,North,Technology,UltraWide 34in Monitor,5,664.24,3321.2,1162.42
ORD-2024-00258,2023-09-06,Dakota Santos,West,Technology,UltraWide 34in Monitor,4,654.99,2619.96,916.99
ORD-2024-00259,2024-11-29,Taylor Chen,Central,Office Supplies,Premium Copy Paper Carton,4,44.72,143.1,26.83
ORD-2024-00260,2023-03-12,Sam O'Connor,East,Office Supplies,Presentation Whiteboard 6x4,4,175.55,702.2,280.88
ORD-2024-00261,2024-03-09,Morgan Al-Mansoor,South,Office Supplies,Premium Copy Paper Carton,7,45.15,316.05,
ORD-2024-00262,2024-12-09,Dakota Nakamura,West,Furniture,Ergonomic Mesh Chair,2,432.42,691.87,86.48
ORD-2024-00263,2023-12-30,Riley Dubois,North,Technology,Logitech MX Master 3S Mouse,7,103.62,616.54,253.87
ORD-2024-00264,2023-04-19,Pat Rossi,North,Technology,UltraWide 34in Monitor,4,645.48,2581.92,903.67
ORD-2024-00265,2024-11-26,Sam Smith,North,Furniture,Acoustic Office Partition,5,337.14,1601.41,455.13
ORD-2024-00266,2023-12-23,Kendall Nakamura,West,Technology,Wireless Noise-Canceling Headphones,8,286.97,2295.76,1033.09
ORD-2024-00267,2023-03-10,Robin Williams,East,Technology,USB-C Thunderbolt Dock,2,202.53,405.06,153.92
ORD-2024-00268,2023-09-07,Morgan Al-Mansoor,North,Furniture,Acoustic Office Partition,8,330.88,2647.04,847.05
ORD-2024-00269,2023-07-08,Sam Smith,South,Technology,Mechanical RGB Keyboard,4,148.25,593.0,249.06
ORD-2024-00270,2023-01-05,Sam Rodriguez,North,Office Supplies,Gel Ink Pens (Box of 50),2,28.22,56.44,33.86
ORD-2024-00271,2024-07-03,Casey Vance,North,Technology,UltraWide 34in Monitor,8,650.8,5206.4,1822.24
ORD-2024-00272,2024-09-03,Jordan Williams,East,Furniture,Steel Filing Cabinet,8,222.58,1780.64,498.58
ORD-2024-00273,2024-12-23,Jordan Williams,East,Office Supplies,Archival Binder Set,2,40.9,69.53,30.27
ORD-2024-00274,2024-12-11,Sam O'Connor,South,Technology,Wireless Noise-Canceling Headphones,7,289.6,2027.2,912.24
ORD-2024-00275,2024-10-22,Finley Kowalski,East,Apparel,Embroidered Polo Shirt,3,37.3,111.9,69.38
ORD-2024-00276,2023-02-24,Morgan Muller,East,Office Supplies,Premium Copy Paper Carton,8,44.59,356.72,124.85
ORD-2024-00277,2024-12-28,Reese Kim,North,Office Supplies,Presentation Whiteboard 6x4,26,176.26,3666.21,916.55
ORD-2024-00278,2023-10-23,Skyler Takahashi,East,Technology,Wireless Noise-Canceling Headphones,2,301.17,602.34,271.05
ORD-2024-00279,2024-07-10,Pat Al-Mansoor,East,Office Supplies,Heavy-Duty Stapler & Staples,40,35.16,1406.4,675.07
ORD-2024-00280,2023-04-15,Riley Kim,West,Office Supplies,Thermal Label Printer,1,159.2,159.2,57.31
ORD-2024-00281,2023-03-31,Jamie Patel,West,Furniture,Ergonomic Mesh Chair,6,466.25,2797.5,839.25
ORD-2024-00282,2024-03-14,Peyton Williams,West,Technology,Dell XPS 15,1,1811.61,1811.61,398.55
ORD-2024-00283,2024-09-03,,Central,Furniture,Solid Oak Conference Table,5,1933.69,9668.45,1933.69
ORD-2024-00284,2024-11-26,Robin Williams,Central,Office Supplies,Gel Ink Pens (Box of 50),1,29.38,27.91,16.16
ORD-2024-00285,2023-09-13,Dakota Larsson,West,Technology,UltraWide 34in Monitor,7,648.32,4538.24,1588.38
ORD-2024-00286,2023-10-03,Kendall Vance,South,Furniture,Steel Filing Cabinet,2,217.86,435.72,122.0
ORD-2024-00287,2024-12-12,Finley Kowalski,South,Apparel,Fleece Quarter-Zip Pullover,1,67.4,60.66,32.35
ORD-2024-00288,2024-10-12,Taylor Dubois,West,Office Supplies,Heavy-Duty Stapler & Staples,4,36.64,146.56,70.35
ORD-2024-00289,2024-05-21,Casey Dubois,South,Technology,USB-C Thunderbolt Dock,8,204.74,1637.92,622.41
ORD-2024-00290,2023-02-19,Kendall Novak,West,Technology,Mechanical RGB Keyboard,22,148.13,2932.97,1042.83
ORD-2024-00291,2023-07-27,Riley Kim,West,Apparel,Embroidered Polo Shirt,5,36.45,182.25,112.99
ORD-2024-00292,2023-03-26,Dakota Santos,North,Technology,Mechanical RGB Keyboard,4,147.95,562.21,218.97
ORD-2024-00293,2023-01-02,Pat Patel,North,Technology,MacBook Pro 16,8,2376.37,19010.96,5323.07
ORD-2024-00294,2023-05-04,Emerson Kim,East,Apparel,High-Visibility Safety Vest,7,23.01,161.07,104.7
ORD-2024-00295,2023-04-16,Skyler Smith,North,Technology,UltraWide 34in Monitor,3,658.19,1974.57,691.1
ORD-2024-00296,2023-03-12,Cameron Murphy,East,Furniture,Ergonomic Mesh Chair,4,455.76,1823.04,546.91
ORD-2024-00297,2024-02-26,Pat Rossi,West,Furniture,Steel Filing Cabinet,3,225.55,676.65,189.46
ORD-2024-00298,2024-01-29,Sam O'Connor,South,Technology,Wireless Noise-Canceling Headphones,2,291.47,582.94,262.32
ORD-2024-00299,2024-09-14,Jordan Dubois,North,Technology,Mechanical RGB Keyboard,5,144.61,723.05,303.68
ORD-2024-00300,2023-07-13,Robin Williams,East,Office Supplies,Heavy-Duty Stapler & Staples,4,34.98,125.93,53.17
ORD-2024-00301,2024-10-15,Alex Nakamura,West,Furniture,Acoustic Office Partition,6,327.49,1964.94,628.78
ORD-2024-00302,2024-08-05,Dakota Larsson,East,Furniture,Acoustic Office Partition,2,323.57,582.43,142.37
ORD-2024-00303,2023-08-09,Dakota Santos,Central,Technology,MacBook Pro 16,7,2479.9,17359.3,4860.6
ORD-2024-00304,2024-10-17,Alex Rossi,North,Furniture,Acoustic Office Partition,4,356.13,1424.52,455.85
ORD-2024-00305,2023-12-01,Jesse Vance,West,Furniture,LED Desk Lamp with Wireless Charger,2,77.5,139.5,69.75
ORD-2024-00306,2023-03-01,Riley O'Connor,North,Technology,Wireless Noise-Canceling Headphones,5,303.97,1519.85,683.93
ORD-2024-00307,2023-06-29,Alex Nakamura,North,Technology,Mechanical RGB Keyboard,6,149.34,896.04,376.34
ORD-2024-00308,2023-09-23,Finley Novak,West,Technology,Dell XPS 15,2,1847.83,3326.09,443.48
ORD-2024-00309,2023-10-06,Skyler Vance,East,Furniture,Solid Oak Conference Table,8,1841.71,14733.68,2946.74
ORD-2024-00310,2024-05-26,Dakota Nakamura,South,Office Supplies,Gel Ink Pens (Box of 50),2,27.24,54.48,32.69
ORD-2024-00311,2023-02-15,Morgan Rodriguez,North,Office Supplies,Premium Copy Paper Carton,3,43.56,130.68,45.74
ORD-2024-00312,2023-02-06,Logan Rossi,West,Furniture,LED Desk Lamp with Wireless Charger,4,78.34,313.36,172.35
ORD-2024-00313,2023-10-05,Dakota Muller,South,Office Supplies,Archival Binder Set,1,40.65,40.65,21.14
ORD-2024-00314,2023-02-17,Robin Nakamura,West,Apparel,Corporate Softshell Jacket,5,83.53,417.65,229.71
ORD-2024-00315,2023-01-09,Riley Kim,East,Technology,UltraWide 34in Monitor,4,646.66,2586.64,905.32
ORD-2024-00316,2024-05-20,Finley Rossi,West,Apparel,Embroidered Polo Shirt,4,36.67,146.68,90.94
ORD-2024-00317,2023-01-25,Taylor Novak,East,Technology,UltraWide 34in Monitor,6,616.64,3699.84,1294.94
ORD-2024-00318,2023-11-11,Logan Rossi,Central,Technology,Logitech MX Master 3S Mouse,1,103.68,88.13,36.29
ORD-2024-00319,2023-04-06,Kendall Nakamura,West,Technology,Dell XPS 15,6,1791.53,10749.18,2364.82
ORD-2024-00320,2024-08-17,Dakota Santos,East,Technology,Dell XPS 15,1,1787.3,1787.3,393.21
ORD-2024-00321,2023-08-31,Alex Schmidt,South,Technology,USB-C Thunderbolt Dock,6,195.38,1172.28,445.47
ORD-2024-00322,2023-03-18,Casey Takahashi,West,Apparel,Embroidered Polo Shirt,2,36.72,73.44,45.53
ORD-2024-00323,2024-02-21,Jamie Murphy,Central,Technology,UltraWide 34in Monitor,8,633.75,4816.5,1521.0
ORD-2024-00324,2024-12-03,Taylor Schmidt,East,Technology,Mechanical RGB Keyboard,6,143.76,862.56,362.28
ORD-2024-00325,2024-02-10,Peyton Williams,South,Furniture,LED Desk Lamp with Wireless Charger,1,82.57,82.57,45.41
ORD-2024-00326,2024-07-23,Skyler Schmidt,North,Office Supplies,Gel Ink Pens (Box of 50),3,26.94,76.78,44.45
ORD-2024-00327,2023-05-14,Chris Rossi,South,Technology,Wireless Noise-Canceling Headphones,2,301.46,602.92,271.31
ORD-2024-00328,2023-03-18,Riley Dubois,North,Technology,MacBook Pro 16,3,2397.04,7191.12,2013.51
ORD-2024-00329,2023-12-06,Finley Kowalski,North,Technology,Wireless Noise-Canceling Headphones,7,298.88,1778.34,627.65
ORD-2024-00330,2023-06-26,Robin Rodriguez,North,Technology,Dell XPS 15,1,1819.53,1819.53,400.3
ORD-2024-00331,2024-10-24,Emerson Kim,West,Technology,Wireless Noise-Canceling Headphones,5,295.5,1477.5,664.88
ORD-2024-00332,2024-10-20,Alex Schmidt,North,Office Supplies,Archival Binder Set,1,44.06,44.06,22.91
ORD-2024-00333,2024-01-03,Reese Kim,South,Furniture,Steel Filing Cabinet,7,214.95,1429.42,346.07
ORD-2024-00334,2023-01-31,Morgan Rodriguez,North,Office Supplies,Heavy-Duty Stapler & Staples,4,36.66,139.31,63.06
ORD-2024-00335,2023-09-30,Pat Patel,North,Furniture,LED Desk Lamp with Wireless Charger,7,77.85,544.95,299.72
ORD-2024-00336,2023-06-27,Riley Kowalski,South,Technology,Logitech MX Master 3S Mouse,1,101.01,101.01,50.51
ORD-2024-00337,2024-08-04,Robin Patel,Central,Furniture,Acoustic Office Partition,8,341.43,2731.44,874.06
ORD-2024-00338,2023-02-08,Robin Williams,East,Technology,Dell XPS 15,1,1768.73,1768.73,389.12
ORD-2024-00339,2023-05-14,Jordan Dubois,West,Technology,Dell XPS 15,1,1712.99,1712.99,376.86
ORD-2024-00340,2023-05-26,Kendall Murphy,West,Office Supplies,Archival Binder Set,7,42.36,296.52,154.19
ORD-2024-00341,2023-11-27,Reese Schmidt,West,Technology,Dell XPS 15,8,1825.84,11685.38,292.14
ORD-2024-00342,2024-12-11,Pat Patel,West,Office Supplies,Archival Binder Set,3,41.49,124.47,64.72
ORD-2024-00343,2023-07-01,Dakota Santos,Central,Office Supplies,Thermal Label Printer,1,154.91,154.91,55.77
ORD-2024-00344,2024-09-18,Riley Patel,North,Technology,Logitech MX Master 3S Mouse,2,96.41,192.82,96.41
ORD-2024-00345,2023-06-21,Jamie Williams,West,Furniture,Ergonomic Mesh Chair,6,447.6,2685.6,805.68
ORD-2024-00346,2023-09-13,Skyler Schmidt,North,Office Supplies,Heavy-Duty Stapler & Staples,1,34.6,34.6,16.61
ORD-2024-00347,2023-06-20,Jordan Williams,West,Office Supplies,Presentation Whiteboard 6x4,2,185.92,371.84,148.74
ORD-2024-00348,2024-08-14,Robin Rodriguez,North,Furniture,LED Desk Lamp with Wireless Charger,1,77.38,77.38,42.56
ORD-2024-00349,2023-04-18,Morgan Larsson,West,Technology,Dell XPS 15,2,1769.85,3539.7,778.73
ORD-2024-00350,2024-05-09,Cameron Murphy,Central,Office Supplies,Presentation Whiteboard 6x4,7,173.83,1155.97,425.88
ORD-2024-00351,2023-07-14,Casey Takahashi,West,Furniture,Acoustic Office Partition,5,333.11,1499.0,366.43
ORD-2024-00352,2024-08-08,Dakota Nakamura,North,Furniture,Steel Filing Cabinet,17,215.48,3663.16,1025.68
ORD-2024-00353,2024-09-06,Cameron Murphy,North,Furniture,Ergonomic Mesh Chair,2,448.81,807.86,179.53
ORD-2024-00354,2024-04-27,Riley Dubois,North,Furniture,LED Desk Lamp with Wireless Charger,3,77.98,233.94,128.67
ORD-2024-00355,2023-07-11,Skyler Larsson,South,Furniture,Solid Oak Conference Table,5,1861.89,9309.45,1861.89
ORD-2024-00356,2024-12-14,Logan Williams,East,Office Supplies,Premium Copy Paper Carton,4,45.24,180.96,63.34
ORD-2024-00357,2024-03-04,Jamie Patel,East,Apparel,High-Visibility Safety Vest,2,23.75,47.5,30.88
ORD-2024-00358,2023-02-05,Jordan Williams,West,Furniture,Acoustic Office Partition,3,327.09,981.27,314.01
ORD-2024-00359,2023-06-27,Logan Williams,Central,Apparel,Embroidered Polo Shirt,1,37.71,37.71,23.38
ORD-2024-00360,2024-03-21,Emerson Chen,East,Technology,USB-C Thunderbolt Dock,6,207.18,1243.08,472.37
ORD-2024-00361,2023-03-10,Dakota Nakamura,South,Technology,Logitech MX Master 3S Mouse,8,103.13,742.54,330.02
ORD-2024-00362,2023-04-26,Casey Takahashi,East,Furniture,Electric Standing Desk,2,781.87,1563.74,390.93
ORD-2024-00363,2023-04-14,Pat Rossi,West,Office Supplies,Archival Binder Set,7,42.65,298.55,155.25
ORD-2024-00364,2024-04-29,Sam Larsson,South,Technology,UltraWide 34in Monitor,7,619.07,4333.49,1516.72
ORD-2024-00365,2023-12-06,Morgan Smith,West,Office Supplies,Premium Copy Paper Carton,6,42.84,257.04,89.96
ORD-2024-00366,2023-10-15,Finley Novak,East,Office Supplies,Thermal Label Printer,5,167.59,837.95,301.66
ORD-2024-00367,2023-11-25,Pat Rossi,East,Technology,Wireless Noise-Canceling Headphones,4,311.36,1058.62,373.63
ORD-2024-00368,2024-06-12,Morgan Larsson,East,Office Supplies,Premium Copy Paper Carton,7,43.36,303.52,106.23
ORD-2024-00369,2024-08-05,Taylor Rossi,West,Technology,Dell XPS 15,4,1715.0,6174.0,823.2
ORD-2024-00370,2024-12-22,Dakota Muller,West,Technology,UltraWide 34in Monitor,2,660.76,1123.29,264.3
ORD-2024-00371,2024-08-31,Jordan Williams,East,Furniture,Steel Filing Cabinet,5,225.48,1127.4,315.67
ORD-2024-00372,2023-10-19,Skyler Vance,North,Technology,MacBook Pro 16,4,2588.24,10352.96,2898.83
ORD-2024-00373,2024-11-24,Robin Williams,South,Technology,Mechanical RGB Keyboard,1,148.61,133.75,47.56
ORD-2024-00374,2024-09-07,Logan Williams,North,Office Supplies,Gel Ink Pens (Box of 50),5,27.79,138.95,83.37
ORD-2024-00375,2023-12-24,Jordan Williams,East,Furniture,Electric Standing Desk,7,756.34,4235.5,264.72
ORD-2024-00376,2024-01-19,Riley Kim,East,Furniture,Acoustic Office Partition,8,325.17,2601.36,832.44
ORD-2024-00377,2024-10-17,Finley Novak,North,Technology,UltraWide 34in Monitor,5,628.77,3143.85,1100.35
ORD-2024-00378,2023-09-04,Chris Santos,South,Office Supplies,Archival Binder Set,1,42.65,42.65,22.18
ORD-2024-00379,2023-09-23,Finley Rossi,South,Apparel,High-Visibility Safety Vest,4,23.62,94.48,61.41
ORD-2024-00380,2024-12-03,Jamie Williams,West,Furniture,Steel Filing Cabinet,5,227.6,1138.0,318.64
ORD-2024-00381,2023-07-05,Skyler Larsson,North,Technology,Wireless Noise-Canceling Headphones,3,312.36,937.08,421.69
ORD-2024-00382,2024-11-01,Finley Novak,North,Technology,UltraWide 34in Monitor,6,640.67,3844.02,1345.41
ORD-2024-00383,2023-05-01,Sam Larsson,East,Furniture,LED Desk Lamp with Wireless Charger,4,79.0,316.0,173.8
ORD-2024-00384,2024-01-26,Taylor Takahashi,North,Furniture,Steel Filing Cabinet,4,216.54,866.16,242.52
ORD-2024-00385,2024-04-13,Skyler Smith,East,Technology,USB-C Thunderbolt Dock,6,201.61,1209.66,459.67
ORD-2024-00386,2024-10-11,Dakota Larsson,North,Technology,Wireless Noise-Canceling Headphones,3,298.69,896.07,403.23
ORD-2024-00387,2023-04-01,Sam Nakamura,East,Technology,Wireless Noise-Canceling Headphones,8,295.51,2245.88,945.64
ORD-2024-00388,2024-01-18,Logan Vance,West,Apparel,Fleece Quarter-Zip Pullover,1,65.82,65.82,38.18
ORD-2024-00389,2024-12-11,Pat Novak,North,Office Supplies,Heavy-Duty Stapler & Staples,5,33.83,169.15,81.19
ORD-2024-00390,2023-10-25,,East,Furniture,Acoustic Office Partition,3,334.65,1003.95,321.26
ORD-2024-00391,2024-01-03,Morgan Smith,Central,Office Supplies,Gel Ink Pens (Box of 50),1,27.24,27.24,16.34
ORD-2024-00392,2023-05-15,Cameron Murphy,East,Technology,MacBook Pro 16,1,2467.81,2467.81,690.99
ORD-2024-00393,2024-07-01,Morgan Larsson,Central,Furniture,Acoustic Office Partition,1,324.64,292.18,71.42
ORD-2024-00394,2024-01-25,Taylor Muller,East,Technology,UltraWide 34in Monitor,1,636.09,636.09,222.63
ORD-2024-00395,2024-11-09,Sam O'Connor,East,Furniture,Acoustic Office Partition,2,340.39,680.78,217.85
ORD-2024-00396,2023-04-19,Skyler Larsson,North,Furniture,Acoustic Office Partition,4,335.17,1340.68,429.02
ORD-2024-00397,2023-06-14,Taylor Novak,West,Technology,Wireless Noise-Canceling Headphones,6,291.06,1659.04,698.54
ORD-2024-00398,2023-04-24,Pat Rossi,East,Office Supplies,Thermal Label Printer,2,163.58,294.44,85.06
ORD-2024-00399,2024-10-21,Reese Chen,North,Technology,UltraWide 34in Monitor,3,673.28,2019.84,706.94
ORD-2024-00400,2024-01-04,Casey Vance,South,Office Supplies,Heavy-Duty Stapler & Staples,1,33.28,31.62,14.31
ORD-2024-00401,2023-12-03,Chris Larsson,Central,Technology,Wireless Noise-Canceling Headphones,2,295.19,531.34,206.63
ORD-2024-00402,2024-02-15,Pat Novak,North,Furniture,Steel Filing Cabinet,8,226.6,1812.8,507.58
ORD-2024-00403,2023-06-20,Jordan Dubois,West,Technology,Mechanical RGB Keyboard,7,155.13,1085.91,456.08
ORD-2024-00404,2024-08-05,Skyler Smith,East,Office Supplies,Gel Ink Pens (Box of 50),1,29.02,29.02,17.41
ORD-2024-00405,2023-05-14,Sam Williams,North,Furniture,Steel Filing Cabinet,2,214.76,429.52,120.27
ORD-2024-00406,2024-12-22,Skyler Vance,West,Office Supplies,Archival Binder Set,4,44.01,176.04,91.54
ORD-2024-00407,2024-06-19,Morgan Larsson,North,Office Supplies,Archival Binder Set,8,41.35,330.8,172.02
ORD-2024-00408,2024-01-30,Riley O'Connor,East,Technology,USB-C Thunderbolt Dock,22,199.11,4380.42,1664.56
ORD-2024-00409,2024-05-22,Dakota Nakamura,West,Office Supplies,Premium Copy Paper Carton,5,42.98,214.9,75.22
ORD-2024-00410,2024-10-20,Kendall Novak,North,Technology,USB-C Thunderbolt Dock,8,190.8,1526.4,580.03
ORD-2024-00411,2023-11-20,Robin Williams,West,Technology,Wireless Noise-Canceling Headphones,7,285.12,1995.84,898.13
ORD-2024-00412,2024-09-10,Morgan Al-Mansoor,West,Apparel,Fleece Quarter-Zip Pullover,8,67.93,543.44,315.2
ORD-2024-00413,2023-02-25,Skyler Takahashi,South,Office Supplies,Presentation Whiteboard 6x4,8,183.9,1471.2,588.48
ORD-2024-00414,2024-04-08,Emerson Smith,East,Technology,USB-C Thunderbolt Dock,5,199.95,999.75,379.9
ORD-2024-00415,2023-04-19,Alex Patel,East,Technology,Dell XPS 15,7,1728.29,12098.03,2661.57
ORD-2024-00416,2023-07-12,Kendall Novak,South,Technology,USB-C Thunderbolt Dock,4,203.31,731.92,227.71
ORD-2024-00417,2023-02-17,Robin Rodriguez,West,Apparel,Corporate Softshell Jacket,3,88.94,253.48,133.41
ORD-2024-00418,2024-07-20,Skyler Smith,Central,Apparel,High-Visibility Safety Vest,3,24.46,73.38,47.7
ORD-2024-00419,2023-05-12,Pat Rossi,East,Technology,Mechanical RGB Keyboard,7,147.79,1034.53,434.5
ORD-2024-00420,2024-12-10,Robin Dubois,South,Office Supplies,Heavy-Duty Stapler & Staples,8,36.07,230.85,80.8
ORD-2024-00421,2024-12-17,Taylor Rossi,South,Office Supplies,Archival Binder Set,6,42.89,257.34,133.82
ORD-2024-00422,2023-07-25,Jordan Williams,South,Technology,Mechanical RGB Keyboard,3,156.17,468.51,196.77
ORD-2024-00423,2023-07-02,Sam Rodriguez,East,Furniture,LED Desk Lamp with Wireless Charger,6,79.49,476.94,262.32
ORD-2024-00424,2024-11-14,Robin Patel,West,Office Supplies,Thermal Label Printer,7,164.93,1096.78,357.89
ORD-2024-00425,2023-02-24,,North,Office Supplies,Gel Ink Pens (Box of 50),5,28.51,135.42,78.4
ORD-2024-00426,2024-12-08,Finley Rossi,West,Office Supplies,Gel Ink Pens (Box of 50),8,26.89,215.12,129.07
ORD-2024-00427,2023-08-18,Riley Santos,South,Office Supplies,Archival Binder Set,5,42.81,192.65,89.91
ORD-2024-00428,2024-02-01,Casey Dubois,South,Furniture,LED Desk Lamp with Wireless Charger,28,76.65,2146.2,1180.41
ORD-2024-00429,2024-03-29,Riley Dubois,East,Office Supplies,Thermal Label Printer,4,164.42,657.68,236.76
ORD-2024-00430,2023-10-29,Casey Chen,North,Furniture,LED Desk Lamp with Wireless Charger,2,78.03,156.06,85.83
ORD-2024-00431,2024-07-23,Dakota Nakamura,East,Technology,Dell XPS 15,41,1836.72,75305.52,16567.21
ORD-2024-00432,2023-06-07,Chris Rossi,West,Apparel,Corporate Softshell Jacket,5,84.92,424.6,233.53
ORD-2024-00433,2024-01-02,Pat Patel,South,Technology,Mechanical RGB Keyboard,2,153.27,306.54,128.75
ORD-2024-00434,2024-07-10,Sam Schmidt,South,Furniture,Ergonomic Mesh Chair,6,442.4,2654.4,796.32
ORD-2024-00435,2024-09-25,Jesse Vance,West,Furniture,Acoustic Office Partition,34,338.15,11497.1,3679.07
ORD-2024-00436,2024-09-20,Peyton Patel,Central,Apparel,Embroidered Polo Shirt,7,39.58,277.06,171.78
ORD-2024-00437,2024-01-31,Reese O'Connor,South,Technology,Mechanical RGB Keyboard,6,149.21,895.26,376.01
ORD-2024-00438,2024-05-13,Riley Santos,North,Technology,Mechanical RGB Keyboard,2,144.04,288.08,120.99
ORD-2024-00439,2024-07-04,Jamie Williams,North,Furniture,LED Desk Lamp with Wireless Charger,4,81.88,327.52,180.14
ORD-2024-00440,2023-04-17,Riley Kowalski,East,Technology,USB-C Thunderbolt Dock,2,203.91,407.82,154.97
ORD-2024-00441,2024-04-15,Reese Chen,North,Office Supplies,Premium Copy Paper Carton,5,45.26,226.3,79.21
ORD-2024-00442,2023-08-22,Chris Rossi,South,Apparel,High-Visibility Safety Vest,6,22.84,137.04,89.08
ORD-2024-00443,2024-07-01,Pat Al-Mansoor,East,Technology,Mechanical RGB Keyboard,1,151.99,144.39,56.24
ORD-2024-00444,2023-10-24,Finley Nakamura,East,Office Supplies,Heavy-Duty Stapler & Staples,8,34.58,276.64,132.79
ORD-2024-00445,2023-02-01,Pat Rossi,North,Furniture,Acoustic Office Partition,5,355.64,1600.38,391.2
ORD-2024-00446,2023-01-12,Taylor Schmidt,North,Furniture,Acoustic Office Partition,37,341.26,12626.62,4040.52
ORD-2024-00447,2023-11-09,Jordan Williams,West,Technology,Mechanical RGB Keyboard,3,143.95,367.07,116.6
ORD-2024-00448,2023-07-18,Taylor Takahashi,West,Technology,Mechanical RGB Keyboard,41,151.16,5887.68,2293.1
ORD-2024-00449,2023-09-14,Emerson Rossi,East,Technology,Mechanical RGB Keyboard,4,143.04,572.16,240.31
ORD-2024-00450,2023-07-18,Morgan Larsson,South,Technology,Wireless Noise-Canceling Headphones,3,300.96,902.88,406.3
ORD-2024-00451,2023-11-20,Robin Smith,North,Apparel,Embroidered Polo Shirt,7,37.15,208.04,109.22
ORD-2024-00452,2023-12-06,Skyler Smith,South,Office Supplies,Presentation Whiteboard 6x4,2,174.16,348.32,139.33
ORD-2024-00453,2023-05-24,Sam Schmidt,North,Office Supplies,Gel Ink Pens (Box of 50),2,29.1,58.2,34.92
ORD-2024-00454,2024-10-08,Skyler Takahashi,East,Technology,Logitech MX Master 3S Mouse,1,99.51,99.51,49.76
ORD-2024-00455,2024-07-06,Pat Patel,South,Furniture,Electric Standing Desk,5,722.54,3612.7,903.18
ORD-2024-00456,2023-04-03,Jamie Patel,North,Furniture,Acoustic Office Partition,3,348.75,993.94,282.49
ORD-2024-00457,2023-07-03,Avery Smith,East,Furniture,Acoustic Office Partition,8,354.93,2555.5,624.68
ORD-2024-00458,2023-08-26,Jamie Williams,North,Technology,UltraWide 34in Monitor,6,641.74,3850.44,1347.65
ORD-2024-00459,2023-02-17,Sam Rodriguez,South,Technology,Mechanical RGB Keyboard,5,153.99,769.95,
ORD-2024-00460,2024-07-11,Dakota Nakamura,East,Furniture,Steel Filing Cabinet,2,220.37,440.74,123.41
ORD-2024-00461,2023-08-17,Jordan Williams,West,Furniture,Solid Oak Conference Table,8,1921.63,14604.39,2305.96
ORD-2024-00462,2024-03-26,Cameron O'Connor,East,Technology,MacBook Pro 16,3,2413.37,7240.11,2027.23
ORD-2024-00463,2023-05-02,Logan Kim,West,Office Supplies,Presentation Whiteboard 6x4,8,179.62,1436.96,574.78
ORD-2024-00464,2024-10-24,Avery Nakamura,North,Office Supplies,Premium Copy Paper Carton,3,43.36,130.08,45.53
ORD-2024-00465,2024-08-09,Skyler Rossi,North,Technology,Dell XPS 15,7,1816.87,12718.09,2797.98
ORD-2024-00466,2023-01-20,Finley Nakamura,East,Office Supplies,Thermal Label Printer,4,159.19,636.76,229.23
ORD-2024-00467,2024-05-08,Avery Smith,South,Technology,USB-C Thunderbolt Dock,3,201.45,604.35,229.65
ORD-2024-00468,2023-06-21,Morgan Al-Mansoor,Central,Office Supplies,Heavy-Duty Stapler & Staples,4,34.57,131.37,59.46
ORD-2024-00469,2023-07-27,Alex Patel,East,Furniture,Acoustic Office Partition,2,329.03,658.06,210.58
ORD-2024-00470,2024-09-06,Pat Al-Mansoor,East,Technology,USB-C Thunderbolt Dock,8,202.17,1617.36,614.6
ORD-2024-00471,2024-07-06,Kendall Nakamura,East,Office Supplies,Thermal Label Printer,1,163.16,163.16,58.74
ORD-2024-00472,2024-05-08,Alex Schmidt,South,Office Supplies,Presentation Whiteboard 6x4,2,178.66,357.32,142.93
ORD-2024-00473,2023-08-27,Pat Rossi,South,Apparel,Corporate Softshell Jacket,5,82.36,411.8,
ORD-2024-00474,2023-01-08,Peyton Dubois,East,Furniture,Ergonomic Mesh Chair,6,445.9,2407.86,535.08
ORD-2024-00475,2024-10-29,Casey Schmidt,West,Furniture,Solid Oak Conference Table,5,1940.98,9704.9,1940.98
ORD-2024-00476,2023-07-28,Taylor O'Connor,East,Furniture,Acoustic Office Partition,8,331.63,2653.04,848.97
ORD-2024-00477,2023-12-19,Taylor Takahashi,West,Office Supplies,Presentation Whiteboard 6x4,2,184.46,295.14,73.79
ORD-2024-00478,2023-06-15,Robin Dubois,South,Technology,Logitech MX Master 3S Mouse,1,95.64,95.64,47.82
ORD-2024-00479,2023-01-06,Morgan Al-Mansoor,East,Office Supplies,Gel Ink Pens (Box of 50),2,27.34,54.68,32.81
ORD-2024-00480,2024-09-15,Sam Nakamura,Central,Technology,Wireless Noise-Canceling Headphones,5,305.33,1526.65,686.99
ORD-2024-00481,2023-06-29,Jordan Dubois,North,Furniture,Steel Filing Cabinet,5,213.28,1066.4,298.59
ORD-2024-00482,2024-06-06,Jordan Williams,East,Furniture,Electric Standing Desk,27,761.63,20564.01,5141.0
ORD-2024-00483,2023-03-30,Dakota Santos,South,Apparel,High-Visibility Safety Vest,4,24.04,96.16,62.5
ORD-2024-00484,2023-03-12,Morgan Al-Mansoor,West,Apparel,Fleece Quarter-Zip Pullover,6,64.01,384.06,222.75
ORD-2024-00485,2023-08-20,Sam Nakamura,South,Furniture,Electric Standing Desk,5,725.63,3628.15,907.04
ORD-2024-00486,2024-07-26,Casey Vance,South,Technology,UltraWide 34in Monitor,5,673.41,3367.05,1178.47
ORD-2024-00487,2024-08-11,Reese Kim,Central,Technology,Wireless Noise-Canceling Headphones,4,306.7,1226.8,552.06
ORD-2024-00488,2024-04-14,Emerson Kim,West,Office Supplies,Archival Binder Set,2,41.51,83.02,43.17
ORD-2024-00489,2023-08-14,Sam Williams,West,Office Supplies,Gel Ink Pens (Box of 50),1,28.56,28.56,17.14
ORD-2024-00490,2023-10-22,Robin Dubois,West,Technology,Mechanical RGB Keyboard,3,148.65,445.95,187.3
ORD-2024-00491,2024-08-10,Reese O'Connor,East,Technology,Mechanical RGB Keyboard,4,145.05,580.2,243.68
ORD-2024-00492,2023-09-29,Robin Patel,West,Technology,Dell XPS 15,3,1849.18,5270.16,943.08
ORD-2024-00493,2024-11-23,Dakota Larsson,East,Apparel,High-Visibility Safety Vest,1,24.84,21.11,12.42
ORD-2024-00494,2024-05-19,Finley Kowalski,West,Office Supplies,Archival Binder Set,5,41.57,207.85,108.08
ORD-2024-00495,2023-05-12,Finley Rossi,South,Technology,USB-C Thunderbolt Dock,34,196.88,6693.92,2543.69
ORD-2024-00496,2023-06-28,Kendall Novak,East,Furniture,Ergonomic Mesh Chair,1,428.03,428.03,128.41
ORD-2024-00497,2024-08-17,Skyler Larsson,East,Technology,UltraWide 34in Monitor,5,631.94,3159.7,1105.89
ORD-2024-00498,2024-09-19,Jamie Murphy,East,Technology,Dell XPS 15,6,1774.73,10648.38,2342.64
ORD-2024-00499,2024-04-06,Peyton Patel,Central,Technology,Dell XPS 15,2,1838.72,3677.44,809.04
ORD-2024-00500,2024-07-22,Alex Schmidt,North,Furniture,Steel Filing Cabinet,3,219.41,592.41,118.48
ORD-2024-00501,2024-05-26,Finley Smith,East,Technology,USB-C Thunderbolt Dock,8,195.02,1560.16,592.86
ORD-2024-00502,2024-08-04,Alex Patel,East,Technology,MacBook Pro 16,5,2493.14,12465.7,3490.4
ORD-2024-00503,2024-04-05,Morgan Al-Mansoor,South,Office Supplies,Heavy-Duty Stapler & Staples,5,34.45,172.25,82.68
ORD-2024-00504,2023-12-26,Skyler Vance,North,Office Supplies,Archival Binder Set,3,44.01,112.23,48.86
ORD-2024-00505,2024-11-20,Alex Rossi,South,Furniture,LED Desk Lamp with Wireless Charger,5,78.71,393.55,216.45
ORD-2024-00506,2024-10-17,Riley O'Connor,South,Office Supplies,Heavy-Duty Stapler & Staples,2,33.53,67.06,32.19
ORD-2024-00507,2023-11-18,Emerson Takahashi,East,Technology,UltraWide 34in Monitor,5,674.16,3370.8,1179.78
ORD-2024-00508,2024-08-24,Skyler Rossi,South,Furniture,Steel Filing Cabinet,3,225.01,675.03,189.01
ORD-2024-00509,2024-12-18,Skyler Schmidt,North,Office Supplies,Gel Ink Pens (Box of 50),8,28.14,191.35,101.3
ORD-2024-00510,2024-06-20,Sam Larsson,North,Office Supplies,Premium Copy Paper Carton,7,44.14,308.98,108.14
ORD-2024-00511,2023-10-18,Robin Patel,North,Furniture,Electric Standing Desk,1,762.27,762.27,190.57
ORD-2024-00512,2023-11-30,Finley Rossi,Central,Office Supplies,Presentation Whiteboard 6x4,8,173.43,1387.44,554.98
ORD-2024-00513,2024-08-28,Pat Rossi,West,Furniture,LED Desk Lamp with Wireless Charger,5,82.23,411.15,226.13
ORD-2024-00514,2023-08-21,Sam Williams,South,Office Supplies,Presentation Whiteboard 6x4,5,171.19,855.95,342.38
ORD-2024-00515,2023-05-20,Taylor Novak,East,Technology,Wireless Noise-Canceling Headphones,8,293.01,2344.08,
ORD-2024-00516,2023-10-27,Morgan Muller,East,Furniture,Ergonomic Mesh Chair,7,445.26,3116.82,935.05
ORD-2024-00517,2024-10-23,Alex Rossi,North,Furniture,Steel Filing Cabinet,4,220.37,881.48,246.81
ORD-2024-00518,2024-09-19,Jesse Vance,North,Office Supplies,Thermal Label Printer,5,158.61,793.05,285.5
ORD-2024-00519,2023-07-06,Sam Larsson,East,Technology,MacBook Pro 16,8,2420.98,18399.45,4454.61
ORD-2024-00520,2024-07-01,Avery Nakamura,South,Technology,MacBook Pro 16,1,2432.23,2432.23,681.02
ORD-2024-00521,2024-05-20,Alex Schmidt,South,Technology,Wireless Noise-Canceling Headphones,6,297.91,1787.46,804.36
ORD-2024-00522,2023-12-05,Alex Patel,Central,Technology,USB-C Thunderbolt Dock,7,190.47,1199.96,373.32
ORD-2024-00523,2023-09-14,Skyler Takahashi,North,Office Supplies,Premium Copy Paper Carton,7,46.22,323.54,113.24
ORD-2024-00524,2023-02-04,Kendall Nakamura,West,Technology,Mechanical RGB Keyboard,4,148.6,594.4,249.65
ORD-2024-00525,2023-11-16,Taylor Schmidt,East,Apparel,Embroidered Polo Shirt,2,37.06,74.12,45.95
ORD-2024-00526,2023-02-23,Jamie Patel,Central,Office Supplies,Gel Ink Pens (Box of 50),6,26.64,159.84,95.9
ORD-2024-00527,2024-08-21,Taylor Schmidt,North,Technology,USB-C Thunderbolt Dock,8,202.75,1622.0,616.36
ORD-2024-00528,2023-04-02,Sam Larsson,North,Technology,Wireless Noise-Canceling Headphones,1,285.84,285.84,128.63
ORD-2024-00529,2024-12-19,Jordan Williams,North,Furniture,Ergonomic Mesh Chair,6,463.75,2504.25,556.5
ORD-2024-00530,2023-01-22,Dakota Nakamura,West,Office Supplies,Heavy-Duty Stapler & Staples,8,35.72,285.76,137.16
ORD-2024-00531,2024-07-09,Finley Rossi,East,Office Supplies,Gel Ink Pens (Box of 50),8,27.37,218.96,131.38
ORD-2024-00532,2024-07-21,Finley Patel,North,Technology,Logitech MX Master 3S Mouse,6,98.55,591.3,295.65
ORD-2024-00533,2024-06-02,Sam Larsson,West,Technology,Dell XPS 15,4,1766.74,6360.26,848.03
ORD-2024-00534,2023-07-14,Taylor Muller,West,Furniture,Steel Filing Cabinet,6,218.02,1308.12,366.27
ORD-2024-00535,2023-04-09,Avery Nakamura,North,Furniture,Ergonomic Mesh Chair,1,436.59,436.59,130.98
ORD-2024-00536,2023-04-12,Morgan Larsson,West,Technology,Mechanical RGB Keyboard,5,142.28,711.4,298.79
ORD-2024-00537,2023-03-14,Finley Kowalski,East,Technology,Dell XPS 15,2,1793.25,3586.5,789.03
ORD-2024-00538,2024-01-05,Taylor Dubois,West,Furniture,Steel Filing Cabinet,5,220.64,1103.2,308.9
ORD-2024-00539,2023-11-08,Reese Williams,Central,Technology,Dell XPS 15,4,1804.7,5775.04,144.38
ORD-2024-00540,2024-11-03,Morgan Al-Mansoor,Central,Technology,Mechanical RGB Keyboard,7,152.67,1068.69,448.85
ORD-2024-00541,2024-11-21,Skyler Schmidt,South,Furniture,LED Desk Lamp with Wireless Charger,3,79.39,238.17,130.99
ORD-2024-00542,2024-06-30,Robin Novak,Central,Apparel,High-Visibility Safety Vest,6,24.83,148.98,96.84
ORD-2024-00543,2024-10-10,Jamie Patel,South,Furniture,LED Desk Lamp with Wireless Charger,4,78.01,312.04,171.62
ORD-2024-00544,2023-09-18,Dakota Santos,South,Technology,Wireless Noise-Canceling Headphones,14,313.44,4388.16,1974.67
ORD-2024-00545,2024-06-14,Pat Patel,North,Technology,UltraWide 34in Monitor,6,617.96,3707.76,1297.72
ORD-2024-00546,2024-12-07,Skyler Vance,East,Office Supplies,Archival Binder Set,3,40.3,108.81,50.78
ORD-2024-00547,2023-05-22,Dakota Nakamura,North,Technology,Logitech MX Master 3S Mouse,2,99.7,199.4,99.7
ORD-2024-00548,2023-08-11,Emerson Kim,South,Office Supplies,Thermal Label Printer,2,161.52,323.04,116.29
ORD-2024-00549,2024-08-13,Emerson Rossi,Central,Furniture,Ergonomic Mesh Chair,7,446.24,3123.68,937.1
ORD-2024-00550,2023-08-21,Kendall Vance,Central,Office Supplies,Archival Binder Set,7,40.13,280.91,146.07
ORD-2024-00551,2023-11-23,Taylor Rossi,South,Furniture,Electric Standing Desk,1,763.02,763.02,190.75
ORD-2024-00552,2024-09-01,Finley Patel,North,Furniture,Ergonomic Mesh Chair,3,433.45,1235.33,325.09
ORD-2024-00553,2024-07-15,Reese Schmidt,South,Furniture,Ergonomic Mesh Chair,3,461.79,1385.37,415.61
ORD-2024-00554,2023-07-22,Morgan Al-Mansoor,East,Furniture,LED Desk Lamp with Wireless Charger,4,76.96,307.84,169.31
ORD-2024-00555,2024-03-16,Jamie Williams,North,Technology,Logitech MX Master 3S Mouse,6,97.5,585.0,292.5
ORD-2024-00556,2024-08-31,Jordan Williams,North,Furniture,Solid Oak Conference Table,8,1872.79,14982.32,2996.46
ORD-2024-00557,2023-08-28,Casey Takahashi,North,Technology,UltraWide 34in Monitor,2,664.55,1329.1,465.18
ORD-2024-00558,2024-09-27,Taylor Novak,North,Apparel,Fleece Quarter-Zip Pullover,5,64.68,307.23,171.4
ORD-2024-00559,2024-07-04,Skyler Larsson,East,Technology,Logitech MX Master 3S Mouse,3,100.93,302.79,151.4
ORD-2024-00560,2024-01-21,Dakota Nakamura,East,Furniture,LED Desk Lamp with Wireless Charger,5,76.64,383.2,210.76
ORD-2024-00561,2023-10-05,Pat Williams,Central,Technology,Mechanical RGB Keyboard,5,151.43,757.15,318.0
ORD-2024-00562,2024-01-04,Sam Schmidt,South,Office Supplies,Premium Copy Paper Carton,4,47.16,188.64,66.02
ORD-2024-00563,2024-12-27,Morgan Al-Mansoor,East,Technology,UltraWide 34in Monitor,3,629.46,1888.38,660.93
ORD-2024-00564,2024-12-30,Logan Williams,Central,Technology,Dell XPS 15,7,1842.97,10320.63,258.01
ORD-2024-00565,2023-12-27,Dakota Muller,North,Technology,UltraWide 34in Monitor,1,657.16,657.16,230.01
ORD-2024-00566,2023-01-31,Robin Dubois,North,Apparel,Fleece Quarter-Zip Pullover,3,62.32,186.96,108.44
ORD-2024-00567,2024-11-25,Logan Rossi,East,Furniture,LED Desk Lamp with Wireless Charger,3,78.42,188.21,82.34
ORD-2024-00568,2023-12-04,Sam O'Connor,North,Furniture,Electric Standing Desk,4,777.19,2487.01,155.44
ORD-2024-00569,2024-06-20,Skyler Takahashi,Central,Apparel,High-Visibility Safety Vest,3,23.56,70.68,45.94
ORD-2024-00570,2023-05-02,Casey Takahashi,West,Technology,USB-C Thunderbolt Dock,32,206.56,6609.92,2511.77
ORD-2024-00571,2024-02-26,Peyton Novak,Central,Technology,Mechanical RGB Keyboard,5,143.81,719.05,302.0
ORD-2024-00572,2023-05-15,Riley O'Connor,Central,Technology,USB-C Thunderbolt Dock,4,200.92,803.68,305.4
ORD-2024-00573,2023-01-27,Sam O'Connor,West,Technology,Mechanical RGB Keyboard,8,152.16,1217.28,511.26
ORD-2024-00574,2024-02-01,Pat Patel,North,Furniture,Electric Standing Desk,12,781.91,9382.92,2345.73
ORD-2024-00575,2023-08-16,Pat Williams,West,Office Supplies,Gel Ink Pens (Box of 50),8,29.03,232.24,139.34
ORD-2024-00576,2023-11-29,Skyler Smith,South,Office Supplies,Gel Ink Pens (Box of 50),36,28.62,824.26,412.13
ORD-2024-00577,2024-08-08,Sam Rodriguez,East,Furniture,Acoustic Office Partition,2,338.35,676.7,216.54
ORD-2024-00578,2023-02-13,Dakota Santos,East,Office Supplies,Gel Ink Pens (Box of 50),1,28.16,28.16,16.9
ORD-2024-00579,2024-10-07,Dakota Santos,South,Apparel,Embroidered Polo Shirt,5,37.85,189.25,117.33
ORD-2024-00580,2024-09-19,Riley Dubois,East,Apparel,Embroidered Polo Shirt,2,36.78,73.56,45.61
ORD-2024-00581,2024-12-13,Robin Rodriguez,South,Furniture,Steel Filing Cabinet,41,221.99,9101.59,2548.45
ORD-2024-00582,2024-04-10,Reese O'Connor,East,Technology,UltraWide 34in Monitor,3,663.17,1890.03,596.85
ORD-2024-00583,2024-12-24,Sam Rodriguez,North,Furniture,Solid Oak Conference Table,3,1827.56,4934.41,548.27
ORD-2024-00584,2023-12-10,Morgan Larsson,West,Furniture,LED Desk Lamp with Wireless Charger,3,81.13,206.88,97.35
ORD-2024-00585,2023-11-13,Skyler Rossi,South,Office Supplies,Presentation Whiteboard 6x4,3,188.29,480.14,141.22
ORD-2024-00586,2023-01-13,Emerson Smith,East,Furniture,Steel Filing Cabinet,8,214.23,1713.84,479.88
ORD-2024-00587,2024-05-02,Morgan Al-Mansoor,North,Furniture,Steel Filing Cabinet,29,222.63,6456.27,1807.76
ORD-2024-00588,2023-08-01,Jordan Williams,North,Technology,Dell XPS 15,14,1829.04,25606.56,5633.44
ORD-2024-00589,2023-11-02,Logan Rossi,North,Technology,MacBook Pro 16,3,2542.01,7626.03,2135.29
ORD-2024-00590,2024-09-01,Kendall Novak,North,Furniture,Acoustic Office Partition,6,354.67,1915.22,468.17
ORD-2024-00591,2023-11-27,Dakota Larsson,West,Technology,Wireless Noise-Canceling Headphones,2,292.81,468.5,146.41
ORD-2024-00592,2023-10-09,Taylor Rossi,East,Technology,Wireless Noise-Canceling Headphones,1,287.32,287.32,129.29
ORD-2024-00593,2024-10-06,Taylor Novak,East,Furniture,Ergonomic Mesh Chair,5,446.72,2233.6,670.08
ORD-2024-00594,2023-09-23,Avery Nakamura,South,Furniture,Acoustic Office Partition,8,340.67,2725.36,
ORD-2024-00595,2024-05-19,Finley Patel,North,Office Supplies,Archival Binder Set,1,40.4,40.4,21.01
ORD-2024-00596,2023-05-01,Logan Rossi,West,Office Supplies,Gel Ink Pens (Box of 50),6,27.58,165.48,99.29
ORD-2024-00597,2023-08-06,Dakota Nakamura,East,Technology,Dell XPS 15,5,1763.07,8815.35,1939.38
ORD-2024-00598,2023-01-07,Logan Kim,South,Technology,UltraWide 34in Monitor,1,670.55,670.55,234.69
ORD-2024-00599,2023-12-13,Alex Schmidt,West,Apparel,High-Visibility Safety Vest,20,23.96,479.2,311.48
ORD-2024-00600,2024-07-03,Sam Williams,West,Office Supplies,Presentation Whiteboard 6x4,1,186.03,186.03,74.41
ORD-2024-00601,2024-11-25,Skyler Vance,North,Technology,Logitech MX Master 3S Mouse,6,94.71,511.43,227.3
ORD-2024-00602,2023-12-14,Pat Novak,East,Apparel,Embroidered Polo Shirt,2,39.39,78.78,48.84
ORD-2024-00603,2023-11-19,Riley Patel,South,Office Supplies,Heavy-Duty Stapler & Staples,6,34.83,208.98,100.31
ORD-2024-00604,2023-11-06,Skyler Smith,West,Technology,UltraWide 34in Monitor,2,645.35,1097.1,258.14
ORD-2024-00605,2024-05-27,Casey Takahashi,Central,Technology,UltraWide 34in Monitor,5,666.88,3167.68,1000.32
ORD-2024-00606,2024-06-12,Finley Rossi,North,Office Supplies,Gel Ink Pens (Box of 50),2,26.61,53.22,31.93
ORD-2024-00607,2024-12-04,Sam Schmidt,South,Office Supplies,Premium Copy Paper Carton,45,46.2,1871.1,519.75
ORD-2024-00608,2024-10-16,Finley Nakamura,North,Office Supplies,Heavy-Duty Stapler & Staples,6,35.95,215.7,103.54
ORD-2024-00609,2023-10-07,Sam Larsson,North,Technology,UltraWide 34in Monitor,2,629.96,1259.92,440.97
ORD-2024-00610,2023-11-23,Skyler Vance,West,Technology,Mechanical RGB Keyboard,2,146.19,292.38,122.8
ORD-2024-00611,2023-02-21,Reese Chen,West,Technology,Wireless Noise-Canceling Headphones,1,286.62,286.62,
ORD-2024-00612,2024-12-22,Taylor Novak,East,Furniture,Acoustic Office Partition,6,333.62,2001.72,640.55
ORD-2024-00613,2024-11-17,Pat Al-Mansoor,Central,Office Supplies,Premium Copy Paper Carton,3,43.17,129.51,45.33
ORD-2024-00614,2023-04-10,Skyler Takahashi,East,Furniture,LED Desk Lamp with Wireless Charger,4,82.53,297.11,148.56
ORD-2024-00615,2024-01-08,Emerson Rossi,West,Furniture,LED Desk Lamp with Wireless Charger,6,78.63,424.6,212.3
ORD-2024-00616,2023-04-26,Finley Nakamura,West,Technology,Wireless Noise-Canceling Headphones,3,299.24,897.72,403.97
ORD-2024-00617,2023-04-20,Riley Kim,North,Technology,Mechanical RGB Keyboard,7,150.35,1052.45,442.03
ORD-2024-00618,2023-09-07,Robin Dubois,South,Furniture,Steel Filing Cabinet,7,226.25,1583.75,443.45
ORD-2024-00619,2023-12-17,Jamie Williams,North,Furniture,Electric Standing Desk,8,721.07,5768.56,1442.14
ORD-2024-00620,2023-04-10,Sam Nakamura,South,Office Supplies,Gel Ink Pens (Box of 50),2,28.52,57.04,34.22
ORD-2024-00621,2024-01-24,Pat Rossi,East,Technology,Mechanical RGB Keyboard,3,154.77,464.31,195.01
ORD-2024-00622,2024-10-13,Robin Rodriguez,East,Office Supplies,Gel Ink Pens (Box of 50),7,28.32,198.24,118.94
ORD-2024-00623,2023-07-30,Taylor Dubois,South,Office Supplies,Heavy-Duty Stapler & Staples,5,36.46,182.3,87.5
ORD-2024-00624,2023-12-19,Riley Santos,East,Apparel,Corporate Softshell Jacket,3,88.0,211.2,92.4
ORD-2024-00625,2023-02-24,Jordan Dubois,West,Technology,Logitech MX Master 3S Mouse,5,102.62,513.1,256.55
ORD-2024-00626,2024-12-20,Peyton Dubois,South,Furniture,LED Desk Lamp with Wireless Charger,7,79.36,555.52,305.54
ORD-2024-00627,2023-07-12,Taylor Muller,West,Furniture,Solid Oak Conference Table,3,1782.34,5079.67,802.05
ORD-2024-00628,2023-05-28,Sam O'Connor,East,Office Supplies,Presentation Whiteboard 6x4,7,186.48,1305.36,522.14
ORD-2024-00629,2024-12-13,Kendall Novak,East,Furniture,Steel Filing Cabinet,8,217.46,1478.73,226.16
ORD-2024-00630,2024-09-11,Jamie Patel,West,Technology,Wireless Noise-Canceling Headphones,5,296.33,1481.65,666.74
ORD-2024-00631,2024-01-11,Sam Rodriguez,East,Technology,MacBook Pro 16,8,2614.39,18823.61,3764.72
ORD-2024-00632,2024-04-21,Pat Rossi,West,Furniture,Acoustic Office Partition,2,346.26,692.52,221.61
ORD-2024-00633,2024-08-16,Finley Smith,West,Technology,MacBook Pro 16,8,2487.51,19900.08,5572.02
ORD-2024-00634,2024-08-10,Alex Schmidt,South,Office Supplies,Presentation Whiteboard 6x4,3,171.64,514.92,205.97
ORD-2024-00635,2023-11-08,Chris Rossi,North,Office Supplies,Archival Binder Set,3,42.31,126.93,66.0
ORD-2024-00636,2024-10-01,Dakota Muller,North,Technology,Wireless Noise-Canceling Headphones,5,291.59,1457.95,656.08
ORD-2024-00637,2023-10-09,Emerson Takahashi,West,Office Supplies,Premium Copy Paper Carton,3,45.72,137.16,48.01
ORD-2024-00638,2023-06-29,Skyler Rossi,North,Technology,Mechanical RGB Keyboard,1,146.66,139.33,54.27
ORD-2024-00639,2024-09-01,Pat Al-Mansoor,West,Apparel,Embroidered Polo Shirt,7,37.0,259.0,160.58
ORD-2024-00640,2024-10-14,Jordan Williams,West,Technology,Logitech MX Master 3S Mouse,28,101.53,2700.7,1279.28
ORD-2024-00641,2024-04-20,Pat Al-Mansoor,East,Furniture,Solid Oak Conference Table,4,1827.76,7311.04,1462.21
ORD-2024-00642,2024-04-30,Alex Nakamura,West,Technology,Logitech MX Master 3S Mouse,8,97.83,782.64,391.32
ORD-2024-00643,2024-06-26,Finley Smith,North,Office Supplies,Premium Copy Paper Carton,7,45.5,318.5,111.47
ORD-2024-00644,2023-10-07,Dakota Nakamura,West,Technology,UltraWide 34in Monitor,7,646.48,4525.36,1583.88
ORD-2024-00645,2023-09-05,Kendall Nakamura,West,Office Supplies,Archival Binder Set,3,41.22,117.48,58.12
ORD-2024-00646,2023-03-11,Peyton Patel,East,Technology,MacBook Pro 16,4,2555.29,10221.16,2861.92
ORD-2024-00647,2023-02-04,Morgan Al-Mansoor,North,Technology,MacBook Pro 16,4,2611.58,10446.32,2924.97
ORD-2024-00648,2024-12-26,Avery Nakamura,West,Apparel,Corporate Softshell Jacket,3,88.37,265.11,145.81
ORD-2024-00649,2024-04-23,Finley Kowalski,East,Office Supplies,Premium Copy Paper Carton,7,45.86,321.02,112.36
ORD-2024-00650,2023-11-28,Skyler Smith,North,Technology,USB-C Thunderbolt Dock,7,195.67,1164.24,315.03
ORD-2024-00651,2023-07-02,Taylor Rossi,Central,Furniture,Steel Filing Cabinet,3,223.2,602.64,120.53
ORD-2024-00652,2023-08-12,Finley Novak,West,Furniture,Ergonomic Mesh Chair,1,430.78,430.78,129.23
ORD-2024-00653,2023-09-14,Taylor Muller,West,Office Supplies,Premium Copy Paper Carton,1,46.95,46.95,16.43
ORD-2024-00654,2023-09-30,Skyler Vance,West,Technology,UltraWide 34in Monitor,43,647.58,27845.94,9746.08
ORD-2024-00655,2023-03-13,Taylor Novak,South,Furniture,Ergonomic Mesh Chair,8,432.95,3463.6,1039.08
ORD-2024-00656,2024-01-03,Chris Rossi,South,Technology,UltraWide 34in Monitor,2,640.26,1280.52,448.18
ORD-2024-00657,2023-12-15,Finley Patel,West,Technology,Wireless Noise-Canceling Headphones,3,300.63,901.89,405.85
ORD-2024-00658,2023-11-03,Jordan Dubois,East,Office Supplies,Premium Copy Paper Carton,8,46.06,331.63,92.12
ORD-2024-00659,2023-01-26,Pat Novak,North,Office Supplies,Archival Binder Set,5,42.0,210.0,109.2
ORD-2024-00660,2024-04-05,Alex Patel,North,Apparel,Corporate Softshell Jacket,1,84.2,84.2,46.31
ORD-2024-00661,2024-10-31,Finley Novak,Central,Office Supplies,Presentation Whiteboard 6x4,3,184.34,553.02,221.21
ORD-2024-00662,2023-03-15,Robin Williams,East,Technology,Dell XPS 15,1,1752.71,1752.71,385.6
ORD-2024-00663,2023-01-15,Alex Patel,West,Technology,MacBook Pro 16,8,2526.8,20214.4,5660.03
ORD-2024-00664,2023-03-07,Morgan Al-Mansoor,North,Office Supplies,Premium Copy Paper Carton,4,43.03,172.12,60.24
ORD-2024-00665,2023-12-12,Dakota Nakamura,East,Office Supplies,Thermal Label Printer,3,157.15,471.45,169.72
ORD-2024-00666,2023-02-16,Cameron O'Connor,North,Furniture,Solid Oak Conference Table,7,1788.59,12520.13,2504.03
ORD-2024-00667,2023-06-18,Reese Williams,North,Furniture,Acoustic Office Partition,7,349.44,2201.47,538.14
ORD-2024-00668,2023-03-24,Sam Rodriguez,Central,Technology,Dell XPS 15,5,1783.93,8919.65,1962.32
ORD-2024-00669,2024-05-02,Chris Larsson,North,Office Supplies,Gel Ink Pens (Box of 50),7,27.27,190.89,114.53
ORD-2024-00670,2024-12-09,Riley O'Connor,East,Technology,Dell XPS 15,5,1771.63,7972.34,1062.98
ORD-2024-00671,2023-07-16,Sam Larsson,Central,Technology,Logitech MX Master 3S Mouse,4,98.65,394.6,197.3
ORD-2024-00672,2023-08-02,Taylor Muller,North,Technology,Dell XPS 15,8,1798.55,14388.4,3165.45
ORD-2024-00673,2023-02-14,Reese Schmidt,South,Technology,UltraWide 34in Monitor,8,619.36,4954.88,1734.21
ORD-2024-00674,2024-07-04,Riley Santos,North,Technology,USB-C Thunderbolt Dock,4,203.41,813.64,309.18
ORD-2024-00675,2023-11-30,Dakota Nakamura,East,Furniture,LED Desk Lamp with Wireless Charger,2,77.63,124.21,54.34
ORD-2024-00676,2024-02-27,Kendall Murphy,West,Office Supplies,Presentation Whiteboard 6x4,8,171.98,1375.84,550.34
ORD-2024-00677,2023-08-10,Taylor O'Connor,North,Apparel,High-Visibility Safety Vest,4,24.32,97.28,63.23
ORD-2024-00678,2023-07-27,Alex Patel,East,Technology,MacBook Pro 16,2,2586.88,5173.76,
ORD-2024-00679,2023-06-25,Emerson Takahashi,West,Office Supplies,Gel Ink Pens (Box of 50),3,28.22,84.66,50.8
ORD-2024-00680,2023-08-24,Robin Nakamura,East,Technology,USB-C Thunderbolt Dock,8,205.71,1645.68,625.36
ORD-2024-00681,2024-03-14,Reese Schmidt,North,Office Supplies,Gel Ink Pens (Box of 50),3,29.16,87.48,52.49
ORD-2024-00682,2024-03-03,Casey Takahashi,Central,Apparel,Corporate Softshell Jacket,1,84.37,84.37,46.4
ORD-2024-00683,2024-12-14,Alex Rossi,East,Office Supplies,Presentation Whiteboard 6x4,1,183.48,165.13,55.04
ORD-2024-00684,2023-05-16,Pat Rossi,East,Technology,Dell XPS 15,31,1738.16,53882.96,11854.25
ORD-2024-00685,2024-08-07,Taylor Chen,Central,Office Supplies,Premium Copy Paper Carton,7,43.58,305.06,106.77
ORD-2024-00686,2024-10-03,Chris Rossi,North,Furniture,LED Desk Lamp with Wireless Charger,6,79.24,475.44,261.49
ORD-2024-00687,2023-10-04,Taylor Dubois,East,Office Supplies,Archival Binder Set,2,42.51,85.02,44.21
ORD-2024-00688,2023-02-26,Reese Chen,South,Furniture,LED Desk Lamp with Wireless Charger,6,78.73,425.14,212.57
ORD-2024-00689,2023-06-29,Sam Rodriguez,North,Furniture,LED Desk Lamp with Wireless Charger,3,82.8,248.4,136.62
ORD-2024-00690,2023-04-27,Casey Takahashi,Central,Furniture,LED Desk Lamp with Wireless Charger,4,81.0,324.0,178.2
ORD-2024-00691,2023-11-25,Casey Schmidt,East,Technology,UltraWide 34in Monitor,2,640.75,1025.2,192.23
ORD-2024-00692,2024-06-23,Jordan Williams,East,Office Supplies,Presentation Whiteboard 6x4,5,179.14,895.7,358.28
ORD-2024-00693,2024-11-20,Sam Schmidt,North,Apparel,Corporate Softshell Jacket,2,84.07,151.33,75.67
ORD-2024-00694,2023-04-22,Riley Patel,East,Technology,MacBook Pro 16,4,2504.17,10016.68,2804.67
ORD-2024-00695,2023-10-28,Avery Nakamura,East,Furniture,LED Desk Lamp with Wireless Charger,7,78.56,549.92,302.46
ORD-2024-00696,2023-10-26,Jordan Williams,West,Technology,MacBook Pro 16,6,2476.93,14861.58,4161.24
ORD-2024-00697,2024-10-23,Taylor Rossi,East,Office Supplies,Presentation Whiteboard 6x4,8,179.24,1433.92,573.57
ORD-2024-00698,2023-11-10,Taylor O'Connor,North,Technology,UltraWide 34in Monitor,1,626.18,563.56,156.54
ORD-2024-00699,2024-09-25,Casey Chen,North,Apparel,Fleece Quarter-Zip Pullover,3,62.8,169.56,90.43
ORD-2024-00700,2024-08-11,Jamie Murphy,South,Technology,UltraWide 34in Monitor,1,659.74,659.74,230.91
ORD-2024-00701,2023-06-01,Finley Smith,Central,Technology,Logitech MX Master 3S Mouse,1,98.06,98.06,49.03
ORD-2024-00702,2023-05-29,Riley Kowalski,North,Apparel,Fleece Quarter-Zip Pullover,6,65.96,395.76,229.54
ORD-2024-00703,2023-10-24,Casey Takahashi,West,Apparel,Embroidered Polo Shirt,8,37.39,269.21,155.54
ORD-2024-00704,2023-02-11,Sam Smith,North,Technology,Logitech MX Master 3S Mouse,4,98.47,374.19,177.25
ORD-2024-00705,2024-09-14,Robin Williams,East,Furniture,Acoustic Office Partition,5,329.65,1483.42,362.61
ORD-2024-00706,2024-11-24,Dakota Santos,Central,Office Supplies,Premium Copy Paper Carton,6,45.46,245.48,68.19
ORD-2024-00707,2024-02-12,Pat Novak,South,Technology,USB-C Thunderbolt Dock,5,195.91,979.55,372.23
ORD-2024-00708,2024-04-01,Sam Schmidt,North,Office Supplies,Premium Copy Paper Carton,7,46.37,324.59,113.61
ORD-2024-00709,2024-03-10,Chris Takahashi,North,Office Supplies,Presentation Whiteboard 6x4,3,174.74,524.22,209.69
ORD-2024-00710,2024-06-21,Chris Takahashi,Central,Apparel,Corporate Softshell Jacket,2,80.81,161.62,88.89
ORD-2024-00711,2023-10-07,Reese Kim,East,Furniture,Acoustic Office Partition,3,329.77,989.31,316.58
ORD-2024-00712,2023-10-24,Riley Kim,West,Furniture,Ergonomic Mesh Chair,5,449.73,2248.65,674.6
ORD-2024-00713,2023-08-18,Riley Kim,North,Technology,MacBook Pro 16,8,2405.08,19240.64,5387.38
ORD-2024-00714,2023-10-22,Riley Dubois,West,Furniture,Steel Filing Cabinet,2,225.82,451.64,126.46
ORD-2024-00715,2023-03-10,Reese Kim,East,Furniture,Solid Oak Conference Table,5,1873.68,9368.4,1873.68
ORD-2024-00716,2024-12-11,Skyler Vance,East,Office Supplies,Heavy-Duty Stapler & Staples,28,33.82,804.92,312.5
ORD-2024-00717,2024-04-17,Reese Chen,South,Office Supplies,Gel Ink Pens (Box of 50),7,28.38,198.66,119.2
ORD-2024-00718,2023-02-19,Kendall Murphy,East,Technology,Logitech MX Master 3S Mouse,3,101.62,304.86,152.43
ORD-2024-00719,2023-06-21,Peyton Patel,West,Furniture,Solid Oak Conference Table,5,1884.31,9421.55,1884.31
ORD-2024-00720,2023-04-09,Alex Nakamura,West,Furniture,Solid Oak Conference Table,5,1826.51,9132.55,1826.51
ORD-2024-00721,2023-12-15,Taylor Muller,North,Apparel,Embroidered Polo Shirt,4,39.12,156.48,97.02
ORD-2024-00722,2024-06-22,,East,Office Supplies,Thermal Label Printer,7,159.37,1059.81,345.83
ORD-2024-00723,2023-01-18,Sam O'Connor,East,Furniture,Solid Oak Conference Table,6,1789.36,10736.16,2147.23
ORD-2024-00724,2023-05-02,Taylor Novak,East,Technology,USB-C Thunderbolt Dock,3,193.23,579.69,220.28
ORD-2024-00725,2024-03-11,Skyler Smith,North,Office Supplies,Premium Copy Paper Carton,7,42.94,285.55,90.17
ORD-2024-00726,2024-04-25,Riley Kim,North,Technology,UltraWide 34in Monitor,2,667.33,1334.66,467.13
ORD-2024-00727,2023-07-30,Jordan Williams,North,Furniture,Electric Standing Desk,21,775.94,16294.74,4073.68
ORD-2024-00728,2024-08-16,Skyler Smith,West,Technology,Dell XPS 15,4,1799.88,6839.54,1223.91
ORD-2024-00729,2024-06-25,Cameron Murphy,Central,Technology,Dell XPS 15,1,1884.2,1789.99,320.31
ORD-2024-00730,2024-05-31,Chris Takahashi,South,Office Supplies,Presentation Whiteboard 6x4,2,174.26,348.52,139.41
ORD-2024-00731,2024-01-24,,North,Furniture,Acoustic Office Partition,6,327.2,1865.04,530.06
ORD-2024-00732,2024-05-22,Logan Kim,South,Office Supplies,Thermal Label Printer,32,159.9,5116.8,1842.05
ORD-2024-00733,2024-04-12,Robin Patel,East,Furniture,Solid Oak Conference Table,7,1811.26,12678.82,2535.76
ORD-2024-00734,2023-07-13,Taylor O'Connor,Central,Office Supplies,Presentation Whiteboard 6x4,8,183.1,1464.8,585.92
ORD-2024-00735,2024-06-19,Dakota Santos,North,Furniture,Ergonomic Mesh Chair,2,460.86,921.72,276.52
ORD-2024-00736,2023-06-22,Morgan Al-Mansoor,South,Technology,Dell XPS 15,7,1731.13,12117.91,2665.94
ORD-2024-00737,2024-05-26,Chris Takahashi,West,Technology,Mechanical RGB Keyboard,7,146.86,1028.02,431.77
ORD-2024-00738,2024-02-19,Kendall Novak,North,Apparel,Fleece Quarter-Zip Pullover,5,64.93,324.65,188.3
ORD-2024-00739,2023-05-18,Pat Williams,North,Technology,Mechanical RGB Keyboard,1,156.03,156.03,65.53
ORD-2024-00740,2024-11-26,Reese Williams,East,Technology,UltraWide 34in Monitor,8,668.0,4275.2,801.6
ORD-2024-00741,2024-05-24,Logan Williams,East,Furniture,Solid Oak Conference Table,1,1933.73,1740.36,193.38
ORD-2024-00742,2023-05-02,Dakota Larsson,West,Furniture,Solid Oak Conference Table,1,1790.22,1790.22,358.04
ORD-2024-00743,2023-11-07,Sam O'Connor,East,Office Supplies,Gel Ink Pens (Box of 50),7,27.96,156.58,78.29
ORD-2024-00744,2024-05-17,Morgan Rodriguez,East,Office Supplies,Thermal Label Printer,3,160.11,480.33,172.92
ORD-2024-00745,2024-05-21,Jordan Dubois,East,Furniture,Steel Filing Cabinet,5,216.05,1026.24,248.46
ORD-2024-00746,2023-05-12,Casey Takahashi,West,Office Supplies,Heavy-Duty Stapler & Staples,33,34.58,1141.14,547.75
ORD-2024-00747,2024-01-01,Robin Smith,East,Furniture,Ergonomic Mesh Chair,5,454.16,2270.8,681.24
ORD-2024-00748,2023-03-09,Robin Williams,South,Office Supplies,Premium Copy Paper Carton,1,44.82,44.82,15.69
ORD-2024-00749,2024-08-04,Taylor Rossi,North,Furniture,Steel Filing Cabinet,1,230.69,230.69,64.59
ORD-2024-00750,2024-02-04,Reese Williams,West,Technology,MacBook Pro 16,4,2458.01,9832.04,2752.97
ORD-2024-00751,2024-11-14,Reese Schmidt,South,Technology,Logitech MX Master 3S Mouse,2,102.37,204.74,102.37
ORD-2024-00752,2023-02-18,Pat Patel,South,Technology,Logitech MX Master 3S Mouse,2,101.16,202.32,101.16
ORD-2024-00753,2024-08-29,Logan Vance,East,Technology,MacBook Pro 16,4,2460.84,8859.02,1771.8
ORD-2024-00754,2024-05-31,Chris Santos,East,Office Supplies,Presentation Whiteboard 6x4,7,175.52,1228.64,491.46
ORD-2024-00755,2024-11-18,Chris Rossi,West,Office Supplies,Gel Ink Pens (Box of 50),3,28.22,67.73,33.87
ORD-2024-00756,2024-04-23,Riley O'Connor,East,Technology,Mechanical RGB Keyboard,7,155.48,1088.36,457.11
ORD-2024-00757,2023-03-03,Jamie Patel,East,Furniture,Solid Oak Conference Table,5,1913.66,9568.3,1913.66
ORD-2024-00758,2023-03-07,Finley Nakamura,North,Furniture,Steel Filing Cabinet,5,224.11,1120.55,313.75
ORD-2024-00759,2023-09-02,Alex Schmidt,North,Technology,Dell XPS 15,8,1796.37,14370.96,3161.61
ORD-2024-00760,2024-03-08,Chris Larsson,North,Furniture,Ergonomic Mesh Chair,5,463.04,2315.2,694.56
ORD-2024-00761,2024-07-17,Logan Kim,North,Technology,USB-C Thunderbolt Dock,1,190.15,190.15,72.26
ORD-2024-00762,2023-11-18,Sam Williams,West,Furniture,Ergonomic Mesh Chair,2,445.36,890.72,267.22
ORD-2024-00763,2023-08-30,Chris Kowalski,East,Technology,Mechanical RGB Keyboard,5,148.95,707.51,275.55
ORD-2024-00764,2023-11-17,Logan Williams,West,Technology,Logitech MX Master 3S Mouse,4,103.31,371.92,165.3
ORD-2024-00765,2023-06-29,Dakota Nakamura,South,Technology,UltraWide 34in Monitor,1,648.37,648.37,226.93
ORD-2024-00766,2023-04-26,Robin Smith,East,Technology,Wireless Noise-Canceling Headphones,3,294.9,884.7,398.12
ORD-2024-00767,2023-11-12,Riley Kowalski,North,Technology,Logitech MX Master 3S Mouse,1,100.89,100.89,50.45
ORD-2024-00768,2024-07-19,Dakota Nakamura,Central,Furniture,LED Desk Lamp with Wireless Charger,2,79.28,158.56,87.21
ORD-2024-00769,2024-03-29,Morgan Smith,Central,Furniture,Steel Filing Cabinet,2,229.6,459.2,128.58
ORD-2024-00770,2023-11-01,Chris Rossi,West,Technology,Dell XPS 15,7,1851.05,11661.61,1554.88
ORD-2024-00771,2024-05-18,,Central,Furniture,Steel Filing Cabinet,2,227.14,454.28,127.2
ORD-2024-00772,2024-06-02,Peyton Williams,East,Technology,Wireless Noise-Canceling Headphones,6,297.6,1696.32,714.24
ORD-2024-00773,2024-10-18,Riley Dubois,South,Furniture,LED Desk Lamp with Wireless Charger,7,76.63,536.41,295.03
ORD-2024-00774,2024-08-12,Finley Novak,North,Technology,Dell XPS 15,3,1861.42,5584.26,1228.54
ORD-2024-00775,2023-11-24,Casey Chen,North,Furniture,LED Desk Lamp with Wireless Charger,6,81.37,414.99,195.29
ORD-2024-00776,2024-01-12,Sam Schmidt,Central,Technology,Wireless Noise-Canceling Headphones,1,312.4,312.4,140.58
ORD-2024-00777,2024-10-24,Taylor Chen,West,Furniture,Electric Standing Desk,3,716.23,2148.69,537.17
ORD-2024-00778,2024-09-06,Cameron Murphy,Central,Technology,MacBook Pro 16,2,2377.58,4755.16,1331.44
ORD-2024-00779,2024-04-09,Finley Novak,North,Office Supplies,Presentation Whiteboard 6x4,5,176.18,880.9,352.36
ORD-2024-00780,2023-05-14,Alex Patel,East,Furniture,Electric Standing Desk,4,743.87,2975.48,743.87
ORD-2024-00781,2023-05-30,Robin Rodriguez,North,Technology,UltraWide 34in Monitor,6,654.38,3926.28,1374.2
ORD-2024-00782,2023-03-29,Taylor Novak,West,Technology,Dell XPS 15,4,1837.38,7349.52,1616.89
ORD-2024-00783,2024-09-03,Reese Chen,East,Technology,MacBook Pro 16,4,2491.74,9966.96,2790.75
ORD-2024-00784,2024-09-12,Dakota Muller,North,Apparel,Corporate Softshell Jacket,5,89.06,445.3,244.92
ORD-2024-00785,2023-05-16,Skyler Larsson,East,Apparel,Corporate Softshell Jacket,8,88.66,709.28,390.1
ORD-2024-00786,2023-05-16,Avery Smith,East,Technology,Mechanical RGB Keyboard,6,142.21,767.93,273.04
ORD-2024-00787,2024-01-05,Skyler Larsson,West,Apparel,Fleece Quarter-Zip Pullover,5,65.11,325.55,188.82
ORD-2024-00788,2023-06-18,Taylor Muller,West,Technology,Wireless Noise-Canceling Headphones,8,285.64,2170.86,914.04
ORD-2024-00789,2023-07-07,Taylor Chen,North,Technology,UltraWide 34in Monitor,8,619.2,4953.6,1733.76
ORD-2024-00790,2024-12-27,Jordan Dubois,East,Furniture,Steel Filing Cabinet,3,211.72,539.89,82.57
ORD-2024-00791,2023-07-04,Chris Larsson,East,Office Supplies,Thermal Label Printer,4,161.34,645.36,232.33
ORD-2024-00792,2024-06-22,Kendall Murphy,South,Office Supplies,Gel Ink Pens (Box of 50),8,28.5,228.0,136.8
ORD-2024-00793,2023-01-27,Taylor O'Connor,North,Technology,Mechanical RGB Keyboard,2,154.02,308.04,129.38
ORD-2024-00794,2023-03-25,Kendall Novak,East,Furniture,LED Desk Lamp with Wireless Charger,5,79.74,378.76,199.35
ORD-2024-00795,2024-11-02,Casey Takahashi,South,Furniture,Steel Filing Cabinet,3,213.65,512.76,51.28
ORD-2024-00796,2023-10-17,Casey Dubois,West,Technology,MacBook Pro 16,7,2397.18,16780.26,4698.47
ORD-2024-00797,2023-09-03,Taylor Takahashi,North,Apparel,High-Visibility Safety Vest,7,24.67,172.69,112.25
ORD-2024-00798,2024-10-31,Reese Schmidt,East,Technology,UltraWide 34in Monitor,5,675.2,3376.0,1181.6
ORD-2024-00799,2024-01-03,Finley Kowalski,East,Office Supplies,Heavy-Duty Stapler & Staples,7,34.92,244.44,117.33
ORD-2024-00800,2024-03-09,Riley O'Connor,West,Technology,Wireless Noise-Canceling Headphones,7,286.83,2007.81,903.51
ORD-2024-00801,2024-04-19,Taylor Muller,East,Office Supplies,Thermal Label Printer,2,156.65,313.3,112.79
ORD-2024-00802,2024-05-04,Riley Kim,East,Technology,Dell XPS 15,7,1762.21,11718.7,2097.03
ORD-2024-00803,2023-02-16,Reese Williams,South,Furniture,Acoustic Office Partition,5,335.09,1675.45,536.14
ORD-2024-00804,2024-05-30,Casey Chen,East,Technology,Mechanical RGB Keyboard,7,142.22,995.54,418.13
ORD-2024-00805,2024-12-22,Pat Al-Mansoor,West,Technology,Logitech MX Master 3S Mouse,5,97.43,487.15,243.57
ORD-2024-00806,2023-08-05,Skyler Larsson,Central,Technology,Mechanical RGB Keyboard,2,148.01,266.42,94.73
ORD-2024-00807,2023-04-30,Taylor Novak,East,Technology,Mechanical RGB Keyboard,8,146.06,1168.48,490.76
ORD-2024-00808,2024-09-23,Jordan Williams,Central,Technology,Mechanical RGB Keyboard,5,142.86,678.59,264.3
ORD-2024-00809,2023-04-25,Taylor Takahashi,Central,Office Supplies,Thermal Label Printer,42,162.38,6819.96,2455.19
ORD-2024-00810,2024-03-22,Riley Kim,North,Office Supplies,Archival Binder Set,3,41.89,119.39,59.07
ORD-2024-00811,2023-06-06,Morgan Rodriguez,Central,Office Supplies,Presentation Whiteboard 6x4,40,181.53,7261.2,2904.48
ORD-2024-00812,2024-08-06,Alex Nakamura,North,Office Supplies,Presentation Whiteboard 6x4,7,188.63,1320.41,528.16
ORD-2024-00813,2024-08-15,Finley Rossi,Central,Furniture,Acoustic Office Partition,8,340.45,2723.6,871.55
ORD-2024-00814,2024-11-25,Alex Patel,North,Apparel,High-Visibility Safety Vest,7,24.18,169.26,110.02
ORD-2024-00815,2024-10-25,Sam Larsson,North,Furniture,Steel Filing Cabinet,6,218.86,1313.16,367.68
ORD-2024-00816,2023-06-15,Dakota Larsson,East,Technology,Dell XPS 15,4,1814.77,7259.08,1597.0
ORD-2024-00817,2024-09-08,Avery Nakamura,East,Office Supplies,Thermal Label Printer,7,167.36,1171.52,421.75
ORD-2024-00818,2024-11-20,Alex Schmidt,West,Furniture,Solid Oak Conference Table,3,1872.54,4494.1,0.0
ORD-2024-00819,2023-03-30,Morgan Larsson,North,Office Supplies,Gel Ink Pens (Box of 50),2,28.82,57.64,34.58
ORD-2024-00820,2024-05-20,Robin Williams,East,Technology,Dell XPS 15,5,1773.28,8866.4,1950.61
ORD-2024-00821,2024-05-30,Casey Vance,South,Technology,MacBook Pro 16,2,2514.49,5028.98,1408.11
ORD-2024-00822,2023-12-15,Morgan Al-Mansoor,West,Office Supplies,Premium Copy Paper Carton,3,46.59,139.77,48.92
ORD-2024-00823,2023-04-17,Robin Patel,West,Office Supplies,Presentation Whiteboard 6x4,2,185.07,370.14,148.06
ORD-2024-00824,2023-04-15,Cameron Murphy,East,Office Supplies,Premium Copy Paper Carton,4,46.85,187.4,65.59
ORD-2024-00825,2023-10-27,Finley Novak,East,Office Supplies,Archival Binder Set,6,41.31,235.47,116.5
ORD-2024-00826,2024-03-25,Logan Williams,North,Apparel,Corporate Softshell Jacket,5,85.04,382.68,191.34
ORD-2024-00827,2024-02-29,Pat Al-Mansoor,North,Technology,Mechanical RGB Keyboard,7,153.28,965.66,343.34
ORD-2024-00828,2024-02-28,Kendall Nakamura,Central,Apparel,High-Visibility Safety Vest,6,25.06,150.36,97.73
ORD-2024-00829,2023-01-11,Alex Rossi,Central,Office Supplies,Archival Binder Set,7,44.02,308.14,160.23
ORD-2024-00830,2023-03-04,Riley Dubois,East,Furniture,Ergonomic Mesh Chair,1,471.5,471.5,141.45
ORD-2024-00831,2024-11-07,Sam Schmidt,South,Office Supplies,Heavy-Duty Stapler & Staples,5,35.78,152.06,59.03
ORD-2024-00832,2023-01-09,Avery Smith,East,Office Supplies,Archival Binder Set,8,42.6,340.8,177.22
ORD-2024-00833,2024-10-01,Jordan Williams,South,Office Supplies,Thermal Label Printer,7,164.41,1150.87,414.31
ORD-2024-00834,2023-03-28,Logan Kim,South,Technology,UltraWide 34in Monitor,3,650.33,1950.99,682.85
ORD-2024-00835,2023-08-07,Robin Dubois,South,Technology,Logitech MX Master 3S Mouse,3,94.28,282.84,141.42
ORD-2024-00836,2024-07-06,Riley Kim,West,Furniture,Electric Standing Desk,2,767.4,1534.8,383.7
ORD-2024-00837,2023-09-23,Pat Al-Mansoor,North,Furniture,Solid Oak Conference Table,2,1840.52,3681.04,736.21
ORD-2024-00838,2023-01-06,Casey Takahashi,West,Furniture,Electric Standing Desk,4,738.78,2955.12,738.78
ORD-2024-00839,2024-08-09,Riley Kowalski,South,Office Supplies,Thermal Label Printer,6,160.26,961.56,346.16
ORD-2024-00840,2024-01-05,Emerson Chen,East,Furniture,Electric Standing Desk,2,717.16,1434.32,358.58
ORD-2024-00841,2024-05-02,Logan Vance,South,Technology,MacBook Pro 16,7,2591.97,18143.79,5080.26
ORD-2024-00842,2024-10-13,Finley Kowalski,East,Furniture,Steel Filing Cabinet,7,227.12,1510.35,365.67
ORD-2024-00843,2024-05-11,Riley Santos,Central,Office Supplies,Gel Ink Pens (Box of 50),2,28.54,57.08,34.25
ORD-2024-00844,2023-02-03,Chris Kowalski,South,Office Supplies,Archival Binder Set,7,40.36,282.52,146.91
ORD-2024-00845,2023-10-24,Logan Williams,North,Technology,Dell XPS 15,5,1761.94,8369.22,1497.65
ORD-2024-00846,2023-05-26,Peyton Novak,North,Office Supplies,Presentation Whiteboard 6x4,5,174.88,874.4,349.76
ORD-2024-00847,2024-05-15,Finley Novak,South,Technology,Logitech MX Master 3S Mouse,42,99.72,4188.24,2094.12
ORD-2024-00848,2023-12-12,Emerson Chen,West,Office Supplies,Presentation Whiteboard 6x4,3,180.09,459.23,135.07
ORD-2024-00849,2024-11-14,Alex Schmidt,South,Furniture,LED Desk Lamp with Wireless Charger,7,78.11,546.77,300.72
ORD-2024-00850,2023-02-16,Riley Dubois,West,Apparel,High-Visibility Safety Vest,3,24.5,73.5,47.78
ORD-2024-00851,2024-12-25,Morgan Al-Mansoor,North,Technology,Mechanical RGB Keyboard,1,155.81,155.81,65.44
ORD-2024-00852,2024-05-29,Finley Smith,East,Office Supplies,Premium Copy Paper Carton,1,43.99,43.99,15.4
ORD-2024-00853,2024-12-23,Logan Williams,South,Office Supplies,Archival Binder Set,6,41.59,224.59,104.81
ORD-2024-00854,2023-12-15,Logan Vance,North,Furniture,Steel Filing Cabinet,5,211.0,1055.0,295.4
ORD-2024-00855,2023-10-20,Taylor Muller,West,Technology,UltraWide 34in Monitor,7,660.59,4161.72,1156.04
ORD-2024-00856,2023-07-05,Reese Williams,South,Technology,MacBook Pro 16,7,2597.21,18180.47,5090.53
ORD-2024-00857,2023-05-04,Chris Takahashi,West,Technology,Dell XPS 15,7,1879.84,13158.88,2894.95
ORD-2024-00858,2023-11-22,Sam Smith,North,Furniture,Steel Filing Cabinet,4,229.1,733.12,73.31
ORD-2024-00859,2024-08-23,Jesse Vance,West,Office Supplies,Gel Ink Pens (Box of 50),5,28.19,140.95,84.57
ORD-2024-00860,2024-10-13,Cameron Murphy,South,Furniture,Electric Standing Desk,7,784.6,5492.2,1373.05
ORD-2024-00861,2023-02-12,Sam Larsson,Central,Technology,Wireless Noise-Canceling Headphones,3,284.07,852.21,383.49
ORD-2024-00862,2024-05-08,Peyton Dubois,West,Technology,UltraWide 34in Monitor,4,654.53,2618.12,916.34
ORD-2024-00863,2023-02-16,Riley Kim,East,Technology,Logitech MX Master 3S Mouse,2,102.27,204.54,102.27
ORD-2024-00864,2023-10-14,Alex Schmidt,East,Office Supplies,Gel Ink Pens (Box of 50),6,28.38,170.28,102.17
ORD-2024-00865,2024-12-25,Dakota Nakamura,East,Furniture,Electric Standing Desk,8,784.42,5020.29,313.77
ORD-2024-00866,2023-05-17,Emerson Smith,East,Furniture,Ergonomic Mesh Chair,3,446.09,1338.27,401.48
ORD-2024-00867,2024-12-21,Robin Williams,East,Furniture,Steel Filing Cabinet,2,220.85,441.7,123.68
ORD-2024-00868,2024-03-31,Peyton Dubois,Central,Office Supplies,Heavy-Duty Stapler & Staples,6,34.6,207.6,99.65
ORD-2024-00869,2024-12-14,Cameron Kowalski,East,Apparel,Corporate Softshell Jacket,1,82.63,70.24,33.06
ORD-2024-00870,2024-11-27,Peyton Williams,North,Apparel,Fleece Quarter-Zip Pullover,5,67.0,284.75,144.05
ORD-2024-00871,2024-01-07,Sam Rodriguez,West,Technology,Wireless Noise-Canceling Headphones,1,289.91,289.91,130.46
ORD-2024-00872,2024-02-10,Riley Patel,East,Technology,UltraWide 34in Monitor,4,659.37,2637.48,923.12
ORD-2024-00873,2024-11-29,Avery Nakamura,North,Furniture,Electric Standing Desk,3,731.97,2195.91,548.98
ORD-2024-00874,2024-06-19,Jordan Williams,North,Office Supplies,Heavy-Duty Stapler & Staples,28,35.63,997.64,478.87
ORD-2024-00875,2023-01-03,Dakota Nakamura,West,Apparel,Corporate Softshell Jacket,7,83.08,581.56,319.86
ORD-2024-00876,2024-04-22,,West,Furniture,Acoustic Office Partition,1,332.45,332.45,106.38
ORD-2024-00877,2024-04-04,Alex Rossi,North,Technology,Wireless Noise-Canceling Headphones,1,313.66,313.66,141.15
ORD-2024-00878,2024-12-07,Taylor Rossi,West,Furniture,Ergonomic Mesh Chair,5,430.33,1936.49,430.34
ORD-2024-00879,2023-01-25,Robin Patel,Central,Furniture,LED Desk Lamp with Wireless Charger,2,78.79,157.58,86.67
ORD-2024-00880,2023-02-25,Kendall Murphy,West,Office Supplies,Archival Binder Set,8,43.11,344.88,179.34
ORD-2024-00881,2024-08-15,Peyton Dubois,West,Technology,MacBook Pro 16,2,2569.63,4625.33,925.06
ORD-2024-00882,2023-02-26,Skyler Schmidt,South,Technology,Mechanical RGB Keyboard,1,145.94,145.94,61.29
ORD-2024-00883,2023-04-09,Morgan Al-Mansoor,North,Furniture,Steel Filing Cabinet,1,218.98,218.98,61.31
ORD-2024-00884,2024-03-14,Jesse Vance,North,Office Supplies,Archival Binder Set,1,41.81,41.81,21.74
ORD-2024-00885,2023-07-17,Pat Williams,East,Technology,MacBook Pro 16,4,2600.05,9360.18,1872.04
ORD-2024-00886,2023-12-30,Skyler Rossi,East,Furniture,LED Desk Lamp with Wireless Charger,1,75.53,64.2,30.21
ORD-2024-00887,2024-06-09,Sam Schmidt,South,Apparel,Fleece Quarter-Zip Pullover,3,62.71,188.13,109.12
ORD-2024-00888,2023-12-18,Morgan Larsson,East,Technology,MacBook Pro 16,1,2433.37,2433.37,681.34
ORD-2024-00889,2023-02-25,Kendall Vance,Central,Furniture,Electric Standing Desk,2,738.12,1476.24,369.06
ORD-2024-00890,2024-12-12,Emerson Rossi,East,Office Supplies,Presentation Whiteboard 6x4,6,182.09,983.29,327.77
ORD-2024-00891,2023-04-18,Morgan Smith,East,Furniture,Ergonomic Mesh Chair,26,458.69,11925.94,3577.78
ORD-2024-00892,2023-08-07,Peyton Williams,West,Technology,Mechanical RGB Keyboard,7,144.61,1012.27,425.15
ORD-2024-00893,2023-01-07,Morgan Al-Mansoor,South,Technology,MacBook Pro 16,5,2484.11,12420.55,3477.75
ORD-2024-00894,2024-01-04,Finley Nakamura,North,Technology,MacBook Pro 16,5,2553.69,12768.45,3575.17
ORD-2024-00895,2024-07-21,Robin Patel,North,Technology,Dell XPS 15,2,1712.83,3425.66,753.65
ORD-2024-00896,2024-01-24,Jamie Murphy,South,Furniture,Ergonomic Mesh Chair,4,444.13,1776.52,532.96
ORD-2024-00897,2023-06-25,Pat Williams,West,Apparel,High-Visibility Safety Vest,3,24.71,74.13,48.18
ORD-2024-00898,2024-01-23,Kendall Vance,East,Office Supplies,Heavy-Duty Stapler & Staples,1,35.92,35.92,17.24
ORD-2024-00899,2024-07-02,,South,Technology,Dell XPS 15,5,1866.08,9330.4,2052.69
ORD-2024-00900,2024-08-21,Robin Williams,West,Office Supplies,Gel Ink Pens (Box of 50),2,27.07,54.14,32.48
ORD-2024-00901,2024-10-22,Taylor Chen,East,Office Supplies,Heavy-Duty Stapler & Staples,6,35.09,210.54,101.06
ORD-2024-00902,2024-05-21,Morgan Smith,South,Furniture,Acoustic Office Partition,1,330.04,330.04,105.61
ORD-2024-00903,2024-04-07,Casey Schmidt,North,Office Supplies,Presentation Whiteboard 6x4,3,187.84,563.52,225.41
ORD-2024-00904,2024-07-17,Dakota Larsson,North,Technology,USB-C Thunderbolt Dock,4,200.67,802.68,305.02
ORD-2024-00905,2024-09-28,Sam Williams,East,Technology,Wireless Noise-Canceling Headphones,8,293.53,2348.24,1056.71
ORD-2024-00906,2023-07-03,Jordan Dubois,East,Furniture,Solid Oak Conference Table,5,1913.38,9566.9,1913.38
ORD-2024-00907,2024-10-21,Reese Williams,Central,Technology,UltraWide 34in Monitor,6,619.03,3714.18,1299.96
ORD-2024-00908,2023-07-21,Peyton Williams,South,Office Supplies,Heavy-Duty Stapler & Staples,5,33.92,169.6,81.41
ORD-2024-00909,2023-05-22,Riley Kim,North,Apparel,Fleece Quarter-Zip Pullover,6,66.84,401.04,232.6
ORD-2024-00910,2024-02-20,Jesse Vance,North,Office Supplies,Thermal Label Printer,3,165.85,497.55,179.12
ORD-2024-00911,2023-08-03,Casey Dubois,East,Furniture,Acoustic Office Partition,8,334.58,2542.81,722.69
ORD-2024-00912,2024-03-15,Dakota Larsson,South,Office Supplies,Thermal Label Printer,1,158.0,158.0,56.88
ORD-2024-00913,2023-05-12,Logan Williams,North,Technology,Mechanical RGB Keyboard,6,146.61,879.66,369.46
ORD-2024-00914,2024-12-03,Dakota Nakamura,East,Office Supplies,Thermal Label Printer,1,166.75,141.74,35.02
ORD-2024-00915,2024-08-04,Skyler Vance,West,Furniture,Acoustic Office Partition,7,329.94,2309.58,739.07
ORD-2024-00916,2024-07-01,Reese Kim,North,Furniture,Steel Filing Cabinet,5,211.05,1002.49,242.71
ORD-2024-00917,2023-02-02,Skyler Rossi,East,Office Supplies,Archival Binder Set,7,41.09,287.63,149.57
ORD-2024-00918,2024-11-06,Kendall Nakamura,North,Furniture,Steel Filing Cabinet,32,227.91,6563.81,1312.76
ORD-2024-00919,2023-04-24,Pat Williams,East,Technology,Wireless Noise-Canceling Headphones,4,287.93,1151.72,518.27
ORD-2024-00920,2024-03-18,Emerson Takahashi,East,Office Supplies,Thermal Label Printer,5,161.4,807.0,290.52
ORD-2024-00921,2024-12-02,Avery Smith,North,Furniture,Electric Standing Desk,7,757.86,4509.27,530.51
ORD-2024-00922,2024-08-05,Taylor Schmidt,East,Office Supplies,Presentation Whiteboard 6x4,5,182.63,913.15,365.26
ORD-2024-00923,2023-12-22,Dakota Santos,West,Office Supplies,Thermal Label Printer,3,158.64,380.74,76.15
ORD-2024-00924,2024-03-18,Reese Kim,North,Furniture,LED Desk Lamp with Wireless Charger,1,76.94,76.94,42.32
ORD-2024-00925,2023-10-08,Morgan Smith,South,Office Supplies,Archival Binder Set,4,43.72,174.88,90.94
ORD-2024-00926,2024-07-20,Skyler Schmidt,North,Technology,UltraWide 34in Monitor,6,643.17,3859.02,1350.66
ORD-2024-00927,2023-08-01,Kendall Vance,North,Furniture,Steel Filing Cabinet,8,217.39,1739.12,486.95
ORD-2024-00928,2023-07-19,Sam Rodriguez,North,Furniture,Ergonomic Mesh Chair,6,457.66,2745.96,823.79
ORD-2024-00929,2024-04-17,Finley Novak,East,Technology,Logitech MX Master 3S Mouse,3,98.71,296.13,148.06
ORD-2024-00930,2023-06-15,Casey Chen,East,Technology,MacBook Pro 16,7,2416.15,16913.05,4735.65
ORD-2024-00931,2023-01-12,Casey Chen,South,Office Supplies,Gel Ink Pens (Box of 50),1,29.1,29.1,17.46
ORD-2024-00932,2024-03-28,Riley Dubois,West,Office Supplies,Thermal Label Printer,2,158.25,316.5,113.94
ORD-2024-00933,2023-02-23,Skyler Takahashi,West,Furniture,Ergonomic Mesh Chair,4,444.36,1777.44,533.23
ORD-2024-00934,2023-04-04,Robin Dubois,Central,Technology,MacBook Pro 16,2,2429.17,4858.34,1360.34
ORD-2024-00935,2024-11-11,Riley Santos,North,Technology,Dell XPS 15,6,1767.1,10602.6,2332.57
ORD-2024-00936,2024-07-08,Cameron Schmidt,North,Furniture,Steel Filing Cabinet,6,212.82,1276.92,357.54
ORD-2024-00937,2023-11-20,Pat Williams,South,Technology,Dell XPS 15,5,1825.98,8216.91,1095.59
ORD-2024-00938,2023-08-12,Skyler Schmidt,East,Furniture,Acoustic Office Partition,3,331.57,895.24,218.84
ORD-2024-00939,2024-10-08,Skyler Takahashi,Central,Office Supplies,Thermal Label Printer,6,154.81,928.86,334.39
ORD-2024-00940,2024-12-05,Pat Williams,East,Technology,USB-C Thunderbolt Dock,8,196.66,1573.28,597.85
ORD-2024-00941,2024-08-24,Riley O'Connor,North,Office Supplies,Premium Copy Paper Carton,2,44.14,88.28,30.9
ORD-2024-00942,2023-09-07,Riley Patel,North,Furniture,Ergonomic Mesh Chair,3,444.41,1333.23,399.97
ORD-2024-00943,2023-09-01,Emerson Rossi,West,Apparel,High-Visibility Safety Vest,6,24.34,146.04,94.93
ORD-2024-00944,2024-06-17,Finley Nakamura,East,Office Supplies,Presentation Whiteboard 6x4,4,186.24,744.96,297.98
ORD-2024-00945,2023-09-06,Jamie Williams,West,Technology,MacBook Pro 16,4,2526.0,10104.0,2829.12
ORD-2024-00946,2023-11-26,Finley Novak,North,Technology,Mechanical RGB Keyboard,4,142.33,569.32,239.11
ORD-2024-00947,2023-05-09,Taylor Dubois,East,Technology,Logitech MX Master 3S Mouse,4,99.07,396.28,198.14
ORD-2024-00948,2024-04-23,Casey Schmidt,North,Technology,Mechanical RGB Keyboard,4,146.07,584.28,245.4
ORD-2024-00949,2024-10-12,Alex Rossi,West,Technology,USB-C Thunderbolt Dock,6,196.98,1181.88,449.11
ORD-2024-00950,2024-03-27,Dakota Larsson,West,Furniture,Acoustic Office Partition,8,323.67,2589.36,828.6
ORD-2024-00951,2023-03-27,Taylor Muller,East,Office Supplies,Heavy-Duty Stapler & Staples,3,34.15,102.45,49.18
ORD-2024-00952,2024-04-09,Kendall Murphy,East,Technology,Logitech MX Master 3S Mouse,8,95.99,767.92,383.96
ORD-2024-00953,2023-01-05,Taylor O'Connor,West,Technology,Logitech MX Master 3S Mouse,7,103.36,723.52,361.76
ORD-2024-00954,2024-01-18,Chris Takahashi,East,Furniture,Solid Oak Conference Table,1,1941.11,1844.05,291.16
ORD-2024-00955,2023-07-18,Pat Al-Mansoor,West,Office Supplies,Heavy-Duty Stapler & Staples,8,35.47,283.76,136.2
ORD-2024-00956,2023-03-01,Robin Smith,West,Furniture,Steel Filing Cabinet,6,222.88,1337.28,374.44
ORD-2024-00957,2024-12-15,Kendall Novak,North,Office Supplies,Gel Ink Pens (Box of 50),3,27.31,81.93,49.16
ORD-2024-00958,2023-06-15,Finley Novak,North,Technology,USB-C Thunderbolt Dock,7,203.1,1421.7,540.25
ORD-2024-00959,2023-03-24,Cameron Murphy,West,Furniture,Electric Standing Desk,5,764.39,3821.95,955.49
ORD-2024-00960,2024-06-29,Casey Takahashi,East,Furniture,Steel Filing Cabinet,2,211.4,422.8,118.38
ORD-2024-00961,2023-12-19,Cameron Kowalski,West,Office Supplies,Heavy-Duty Stapler & Staples,5,33.27,141.4,54.9
ORD-2024-00962,2023-01-02,Logan Vance,East,Technology,USB-C Thunderbolt Dock,5,203.64,1018.2,386.92
ORD-2024-00963,2024-01-19,Skyler Rossi,North,Technology,Dell XPS 15,2,1790.12,3580.24,787.65
ORD-2024-00964,2023-07-10,Dakota Larsson,North,Technology,Mechanical RGB Keyboard,7,148.12,1036.84,435.47
ORD-2024-00965,2023-04-22,Alex Rossi,North,Office Supplies,Gel Ink Pens (Box of 50),5,26.78,127.2,73.64
ORD-2024-00966,2024-05-04,Chris Larsson,North,Furniture,Ergonomic Mesh Chair,1,457.44,457.44,137.23
ORD-2024-00967,2023-02-12,Peyton Dubois,West,Technology,Logitech MX Master 3S Mouse,5,103.28,516.4,258.2
ORD-2024-00968,2023-12-12,Sam Schmidt,South,Furniture,Solid Oak Conference Table,6,1908.62,11451.72,2290.34
ORD-2024-00969,2024-01-23,Logan Williams,West,Furniture,Solid Oak Conference Table,8,1918.55,15348.4,3069.68
ORD-2024-00970,2023-05-23,Cameron O'Connor,West,Technology,MacBook Pro 16,4,2466.12,9864.48,2762.05
ORD-2024-00971,2024-11-05,,South,Office Supplies,Archival Binder Set,32,39.97,1151.14,537.2
ORD-2024-00972,2023-11-30,Sam Nakamura,East,Office Supplies,Gel Ink Pens (Box of 50),2,27.58,55.16,33.1
ORD-2024-00973,2024-05-02,Finley Patel,West,Apparel,Corporate Softshell Jacket,3,88.14,264.42,145.43
ORD-2024-00974,2024-05-31,Riley Kim,West,Technology,Wireless Noise-Canceling Headphones,8,289.07,2312.56,1040.65
ORD-2024-00975,2023-04-29,Cameron Schmidt,North,Furniture,Acoustic Office Partition,2,326.59,653.18,209.02
ORD-2024-00976,2023-01-30,Skyler Takahashi,West,Technology,UltraWide 34in Monitor,5,659.77,3298.85,1154.6
ORD-2024-00977,2024-11-17,Kendall Vance,Central,Technology,Dell XPS 15,2,1852.17,3333.91,444.52
ORD-2024-00978,2024-08-12,Robin Dubois,North,Office Supplies,Archival Binder Set,7,42.65,298.55,155.25
ORD-2024-00979,2024-03-23,Finley Patel,North,Office Supplies,Gel Ink Pens (Box of 50),2,27.55,55.1,33.06
ORD-2024-00980,2023-07-12,Avery Nakamura,East,Office Supplies,Premium Copy Paper Carton,7,45.35,301.58,95.24
ORD-2024-00981,2024-08-27,Chris Santos,Central,Furniture,Steel Filing Cabinet,3,220.43,661.29,185.16
ORD-2024-00982,2023-08-16,Kendall Novak,East,Technology,MacBook Pro 16,5,2583.27,12916.35,3616.58
ORD-2024-00983,2024-04-11,Jamie Williams,North,Technology,UltraWide 34in Monitor,1,655.42,655.42,229.4
ORD-2024-00984,2024-12-06,Emerson Kim,East,Technology,USB-C Thunderbolt Dock,4,198.9,795.6,302.33
ORD-2024-00985,2023-12-08,Casey Takahashi,North,Technology,Mechanical RGB Keyboard,4,151.99,547.16,194.54
ORD-2024-00986,2024-05-14,Morgan Larsson,Central,Office Supplies,Heavy-Duty Stapler & Staples,3,36.72,110.16,52.88
ORD-2024-00987,2023-12-12,Pat Al-Mansoor,Central,Furniture,Steel Filing Cabinet,2,220.61,352.98,35.3
ORD-2024-00988,2023-07-19,Avery Nakamura,South,Office Supplies,Archival Binder Set,1,43.47,43.47,22.6
ORD-2024-00989,2024-04-13,Taylor Rossi,North,Furniture,Acoustic Office Partition,3,330.13,990.39,316.92
ORD-2024-00990,2023-07-20,Taylor Takahashi,South,Office Supplies,Premium Copy Paper Carton,3,44.44,133.32,46.66
ORD-2024-00991,2024-11-26,Morgan Rodriguez,North,Office Supplies,Premium Copy Paper Carton,1,43.28,43.28,15.15
ORD-2024-00992,2024-03-20,Chris Kowalski,North,Apparel,High-Visibility Safety Vest,8,23.53,188.24,122.36
ORD-2024-00993,2023-06-26,Taylor Dubois,West,Furniture,Steel Filing Cabinet,2,226.11,452.22,126.62
ORD-2024-00994,2024-10-27,Taylor O'Connor,East,Furniture,LED Desk Lamp with Wireless Charger,19,75.7,1438.3,791.07
ORD-2024-00995,2024-11-15,Skyler Vance,North,Apparel,Embroidered Polo Shirt,8,37.14,297.12,184.21
ORD-2024-00996,2023-07-05,Riley Kim,East,Furniture,LED Desk Lamp with Wireless Charger,2,77.62,155.24,85.38
ORD-2024-00997,2024-07-04,Dakota Santos,East,Technology,USB-C Thunderbolt Dock,8,190.32,1522.56,578.57
ORD-2024-00998,2024-07-05,Pat Al-Mansoor,North,Office Supplies,Thermal Label Printer,2,154.89,309.78,111.52
ORD-2024-00999,2023-07-04,Chris Kowalski,West,Technology,Wireless Noise-Canceling Headphones,25,303.56,6830.1,2656.15
ORD-2024-01000,2023-02-05,Dakota Nakamura,East,Technology,MacBook Pro 16,3,2479.77,7439.31,2083.01
ORD-2024-01001,2023-01-01,Kendall Nakamura,Central,Technology,MacBook Pro 16,5,2538.77,12693.85,3554.28
ORD-2024-01002,2024-08-13,Jordan Dubois,East,Furniture,Solid Oak Conference Table,4,1884.77,7539.08,1507.82
ORD-2024-01003,2023-02-15,Taylor Takahashi,North,Technology,Dell XPS 15,3,1817.38,5452.14,1199.47
ORD-2024-01004,2024-01-03,Kendall Murphy,East,Technology,Mechanical RGB Keyboard,5,147.24,736.2,309.2
ORD-2024-01005,2024-02-14,Taylor Novak,East,Furniture,Solid Oak Conference Table,4,1770.55,7082.2,1416.44
ORD-2024-01006,2024-10-10,Reese Kim,East,Office Supplies,Gel Ink Pens (Box of 50),3,27.78,83.34,50.0
ORD-2024-01007,2024-03-20,Chris Larsson,North,Technology,Logitech MX Master 3S Mouse,2,100.82,201.64,100.82
ORD-2024-01008,2023-12-04,Skyler Smith,West,Furniture,Solid Oak Conference Table,4,1808.12,6509.23,723.25
ORD-2024-01009,2024-01-23,Casey Takahashi,North,Apparel,Corporate Softshell Jacket,8,81.56,652.48,358.86
ORD-2024-01010,2024-08-08,Reese Williams,North,Office Supplies,Archival Binder Set,3,41.24,123.72,64.33
ORD-2024-01011,2023-07-05,Robin Williams,East,Technology,Mechanical RGB Keyboard,7,148.66,988.59,385.03
ORD-2024-01012,2024-12-04,Avery Smith,East,Furniture,Electric Standing Desk,5,716.46,3582.3,895.57
ORD-2024-01013,2024-12-25,Sam Rodriguez,East,Office Supplies,Thermal Label Printer,8,167.78,1342.24,483.21
ORD-2024-01014,2023-10-10,Taylor Takahashi,South,Apparel,Embroidered Polo Shirt,5,37.64,188.2,116.68
ORD-2024-01015,2023-04-03,Pat Rossi,West,Furniture,Ergonomic Mesh Chair,1,431.31,431.31,129.39
ORD-2024-01016,2024-05-19,Casey Schmidt,Central,Office Supplies,Premium Copy Paper Carton,3,44.91,134.73,47.16
ORD-2024-01017,2024-11-24,,North,Office Supplies,Thermal Label Printer,1,163.43,163.43,58.83
ORD-2024-01018,2023-09-08,Cameron Murphy,East,Apparel,Corporate Softshell Jacket,4,82.24,328.96,180.93
ORD-2024-01019,2023-05-17,Peyton Dubois,South,Furniture,Ergonomic Mesh Chair,2,442.71,885.42,265.63
ORD-2024-01020,2024-07-06,Emerson Kim,South,Office Supplies,Premium Copy Paper Carton,4,42.76,171.04,59.86
ORD-2024-01021,2024-02-08,Riley Dubois,Central,Technology,UltraWide 34in Monitor,1,677.26,677.26,237.04
ORD-2024-01022,2024-05-14,Emerson Rossi,East,Technology,MacBook Pro 16,2,2375.34,4750.68,
ORD-2024-01023,2023-07-10,Finley Kowalski,North,Furniture,Ergonomic Mesh Chair,3,445.98,1337.94,401.38
ORD-2024-01024,2023-01-08,Morgan Rodriguez,North,Technology,Mechanical RGB Keyboard,5,146.98,734.9,308.66
ORD-2024-01025,2024-07-03,Morgan Larsson,Central,Office Supplies,Premium Copy Paper Carton,3,43.38,130.14,45.55
ORD-2024-01026,2023-01-06,,East,Technology,USB-C Thunderbolt Dock,1,191.71,191.71,72.85
ORD-2024-01027,2023-12-06,Emerson Kim,East,Apparel,Embroidered Polo Shirt,5,36.55,155.34,85.9
ORD-2024-01028,2024-11-29,Skyler Smith,West,Office Supplies,Heavy-Duty Stapler & Staples,7,33.71,235.97,113.27
ORD-2024-01029,2023-05-10,Peyton Patel,North,Technology,Logitech MX Master 3S Mouse,6,98.3,589.8,294.9
ORD-2024-01030,2023-01-09,Alex Rossi,South,Furniture,Solid Oak Conference Table,4,1871.76,7487.04,1497.41
ORD-2024-01031,2023-07-11,Skyler Larsson,North,Technology,USB-C Thunderbolt Dock,4,202.31,809.24,307.51
ORD-2024-01032,2024-04-30,Dakota Muller,East,Office Supplies,Premium Copy Paper Carton,4,47.22,188.88,66.11
ORD-2024-01033,2024-10-11,Finley Rossi,North,Technology,MacBook Pro 16,4,2606.23,10424.92,2918.98
ORD-2024-01034,2024-09-23,Sam Williams,North,Technology,USB-C Thunderbolt Dock,4,193.46,773.84,294.06
ORD-2024-01035,2023-03-04,Casey Vance,North,Furniture,LED Desk Lamp with Wireless Charger,5,82.5,412.5,226.88
ORD-2024-01036,2023-09-10,Emerson Smith,North,Technology,MacBook Pro 16,32,2427.02,77664.64,21746.1
ORD-2024-01037,2024-09-13,Finley Kowalski,North,Technology,Dell XPS 15,5,1729.11,8645.55,1902.02
ORD-2024-01038,2024-11-30,Riley Kowalski,South,Furniture,Electric Standing Desk,6,730.37,3505.78,219.12
ORD-2024-01039,2024-01-29,Pat Rossi,North,Technology,MacBook Pro 16,1,2520.63,2520.63,705.78
ORD-2024-01040,2024-11-01,Finley Kowalski,East,Office Supplies,Gel Ink Pens (Box of 50),6,27.44,148.18,82.32
ORD-2024-01041,2024-06-30,Logan Rossi,North,Office Supplies,Premium Copy Paper Carton,5,46.76,233.8,81.83
ORD-2024-01042,2024-07-27,Finley Novak,South,Apparel,Fleece Quarter-Zip Pullover,7,62.19,435.33,252.49
ORD-2024-01043,2024-05-30,Taylor Rossi,East,Office Supplies,Gel Ink Pens (Box of 50),5,26.73,133.65,80.19
ORD-2024-01044,2024-12-11,Peyton Patel,South,Technology,USB-C Thunderbolt Dock,2,192.34,384.68,146.18
ORD-2024-01045,2024-02-04,Emerson Smith,North,Furniture,Solid Oak Conference Table,4,1867.04,6721.34,746.81
ORD-2024-01046,2024-05-30,Taylor Takahashi,North,Office Supplies,Archival Binder Set,5,42.22,211.1,109.77
ORD-2024-01047,2023-02-16,Avery Smith,North,Furniture,Solid Oak Conference Table,5,1929.04,9645.2,1929.04
ORD-2024-01048,2023-02-22,Jamie Murphy,Central,Furniture,Electric Standing Desk,1,761.15,761.15,190.29
ORD-2024-01049,2024-01-13,Skyler Larsson,West,Technology,Mechanical RGB Keyboard,7,154.94,1084.58,455.52
ORD-2024-01050,2023-02-28,Pat Patel,West,Furniture,Ergonomic Mesh Chair,5,435.45,2177.25,653.17
ORD-2024-01051,2024-07-04,Pat Rossi,North,Furniture,Acoustic Office Partition,5,352.58,1762.9,564.13
ORD-2024-01052,2024-07-18,Chris Larsson,North,Technology,Wireless Noise-Canceling Headphones,7,288.7,2020.9,909.41
ORD-2024-01053,2024-03-20,Skyler Rossi,North,Technology,Wireless Noise-Canceling Headphones,3,289.7,869.1,391.1
ORD-2024-01054,2023-07-04,Sam Schmidt,South,Furniture,Ergonomic Mesh Chair,7,458.43,3209.01,962.7
ORD-2024-01055,2023-05-27,Riley Dubois,South,Technology,Dell XPS 15,2,1839.35,3494.76,625.37
ORD-2024-01056,2024-09-09,Alex Patel,North,Technology,Wireless Noise-Canceling Headphones,14,288.0,4032.0,1814.4
ORD-2024-01057,2023-10-02,Taylor Dubois,East,Technology,Mechanical RGB Keyboard,2,149.63,299.26,125.69
ORD-2024-01058,2024-12-25,Reese Kim,East,Technology,Dell XPS 15,3,1764.35,4763.74,635.16
ORD-2024-01059,2023-02-27,Chris Kowalski,East,Furniture,Solid Oak Conference Table,14,1776.52,24871.28,4974.26
ORD-2024-01060,2024-06-07,Reese O'Connor,North,Office Supplies,Presentation Whiteboard 6x4,4,178.69,643.28,
ORD-2024-01061,2023-08-20,Finley Novak,East,Apparel,High-Visibility Safety Vest,2,23.98,47.96,31.17
ORD-2024-01062,2023-08-18,Riley O'Connor,South,Technology,UltraWide 34in Monitor,6,676.47,4058.82,1420.59
ORD-2024-01063,2023-02-14,Emerson Rossi,South,Furniture,Electric Standing Desk,7,723.77,5066.39,1266.6
ORD-2024-01064,2023-11-05,Skyler Schmidt,South,Furniture,Solid Oak Conference Table,8,1879.92,15039.36,3007.87
ORD-2024-01065,2024-12-29,Taylor Muller,West,Office Supplies,Premium Copy Paper Carton,3,44.19,106.06,19.89
ORD-2024-01066,2024-05-04,Casey Takahashi,East,Office Supplies,Premium Copy Paper Carton,2,44.2,79.56,22.1
ORD-2024-01067,2023-12-28,Sam Williams,East,Technology,Wireless Noise-Canceling Headphones,6,288.18,1729.08,778.09
ORD-2024-01068,2024-01-28,Riley Patel,East,Furniture,Steel Filing Cabinet,4,217.46,869.84,243.56
ORD-2024-01069,2024-03-07,Pat Patel,West,Furniture,LED Desk Lamp with Wireless Charger,4,77.91,311.64,171.4
ORD-2024-01070,2023-01-18,Morgan Smith,Central,Technology,Wireless Noise-Canceling Headphones,6,294.84,1769.04,796.07
ORD-2024-01071,2023-05-23,Casey Dubois,West,Technology,Dell XPS 15,7,1752.68,12268.76,2699.13
ORD-2024-01072,2023-02-27,Sam Rodriguez,Central,Office Supplies,Premium Copy Paper Carton,1,45.88,45.88,16.06
ORD-2024-01073,2023-02-25,Emerson Kim,East,Office Supplies,Thermal Label Printer,3,152.48,457.44,164.68
ORD-2024-01074,2023-03-22,Peyton Williams,East,Technology,MacBook Pro 16,3,2491.44,6726.89,1345.38
ORD-2024-01075,2024-04-26,Riley Dubois,South,Furniture,Solid Oak Conference Table,5,1778.08,8445.88,1333.56
ORD-2024-01076,2024-09-10,Dakota Santos,North,Office Supplies,Archival Binder Set,8,42.23,337.84,175.68
ORD-2024-01077,2024-08-08,Cameron Kowalski,North,Furniture,LED Desk Lamp with Wireless Charger,2,79.17,158.34,87.09
ORD-2024-01078,2023-05-09,Pat Patel,East,Office Supplies,Presentation Whiteboard 6x4,2,185.7,371.4,148.56
ORD-2024-01079,2023-11-17,Cameron Murphy,West,Furniture,Steel Filing Cabinet,35,223.23,7031.74,1406.34
ORD-2024-01080,2023-04-17,Emerson Rossi,West,Technology,Logitech MX Master 3S Mouse,30,95.66,2726.31,1291.41
ORD-2024-01081,2024-09-03,Taylor Rossi,North,Technology,UltraWide 34in Monitor,1,632.15,600.54,189.64
ORD-2024-01082,2024-07-31,,North,Apparel,High-Visibility Safety Vest,5,22.82,114.1,74.16
ORD-2024-01083,2023-10-17,Dakota Santos,South,Apparel,Embroidered Polo Shirt,3,38.77,104.68,60.48
ORD-2024-01084,2024-05-30,Sam Smith,West,Technology,USB-C Thunderbolt Dock,7,198.54,1389.78,528.12
ORD-2024-01085,2023-02-08,Alex Rossi,East,Technology,Dell XPS 15,2,1880.46,3760.92,827.4
ORD-2024-01086,2023-08-09,Finley Novak,North,Office Supplies,Thermal Label Printer,6,159.16,859.46,248.29
ORD-2024-01087,2024-01-04,Finley Novak,North,Furniture,Steel Filing Cabinet,7,214.26,1499.82,419.95
ORD-2024-01088,2024-09-13,Riley Patel,East,Technology,Dell XPS 15,1,1734.71,1734.71,381.64
ORD-2024-01089,2024-07-14,Kendall Novak,East,Office Supplies,Premium Copy Paper Carton,5,43.48,217.4,76.09
ORD-2024-01090,2024-01-08,Skyler Takahashi,North,Technology,MacBook Pro 16,8,2618.57,20948.56,5865.6
ORD-2024-01091,2024-03-28,Reese Kim,Central,Furniture,Electric Standing Desk,6,776.93,4661.58,1165.39
ORD-2024-01092,2024-09-26,Riley Santos,South,Apparel,Embroidered Polo Shirt,6,37.52,225.12,139.57
ORD-2024-01093,2024-06-02,Riley Dubois,North,Furniture,LED Desk Lamp with Wireless Charger,27,80.58,2175.66,1196.61
ORD-2024-01094,2023-06-08,Reese Kim,South,Office Supplies,Heavy-Duty Stapler & Staples,2,34.03,68.06,32.67
ORD-2024-01095,2024-11-16,Finley Smith,East,Technology,Wireless Noise-Canceling Headphones,8,287.31,2068.63,804.47
ORD-2024-01096,2024-02-11,Pat Williams,South,Office Supplies,Gel Ink Pens (Box of 50),8,27.2,217.6,130.56
ORD-2024-01097,2023-04-28,Morgan Rodriguez,East,Technology,MacBook Pro 16,4,2454.06,8834.62,1766.93
ORD-2024-01098,2023-03-05,Morgan Rodriguez,West,Apparel,Fleece Quarter-Zip Pullover,4,67.39,269.56,156.34
ORD-2024-01099,2024-12-01,Alex Rossi,East,Furniture,Solid Oak Conference Table,5,1832.44,7329.76,-0.0
ORD-2024-01100,2024-04-07,Peyton Novak,North,Office Supplies,Archival Binder Set,1,40.29,40.29,20.95
ORD-2024-01101,2023-12-17,Jordan Williams,North,Apparel,Fleece Quarter-Zip Pullover,8,64.84,518.72,300.86
ORD-2024-01102,2024-12-14,Alex Patel,East,Furniture,LED Desk Lamp with Wireless Charger,24,75.66,1815.84,998.71
ORD-2024-01103,2023-11-28,Riley Kowalski,West,Office Supplies,Thermal Label Printer,1,154.41,138.97,40.15
ORD-2024-01104,2024-05-26,Jordan Williams,West,Office Supplies,Premium Copy Paper Carton,1,47.2,47.2,16.52
ORD-2024-01105,2023-05-09,Reese Williams,Central,Furniture,LED Desk Lamp with Wireless Charger,24,78.37,1880.88,1034.48
ORD-2024-01106,2023-06-20,Morgan Muller,South,Furniture,Electric Standing Desk,1,740.27,740.27,185.07
ORD-2024-01107,2023-11-06,Chris Kowalski,West,Office Supplies,Archival Binder Set,8,41.64,266.5,106.6
ORD-2024-01108,2024-03-12,Casey Chen,North,Furniture,Solid Oak Conference Table,6,1790.23,10741.38,
ORD-2024-01109,2024-07-09,Taylor Novak,West,Furniture,Solid Oak Conference Table,5,1887.39,9436.95,1887.39
ORD-2024-01110,2023-04-12,Robin Williams,North,Apparel,Corporate Softshell Jacket,7,81.63,571.41,314.28
ORD-2024-01111,2024-09-30,Dakota Muller,East,Apparel,Corporate Softshell Jacket,1,86.43,86.43,47.54
ORD-2024-01112,2023-08-05,Casey Vance,East,Technology,Wireless Noise-Canceling Headphones,8,312.47,2499.76,1124.89
ORD-2024-01113,2024-04-20,Riley Kowalski,East,Furniture,LED Desk Lamp with Wireless Charger,6,81.23,487.38,268.06
ORD-2024-01114,2023-10-02,Robin Novak,South,Office Supplies,Heavy-Duty Stapler & Staples,7,35.61,224.34,94.72
ORD-2024-01115,2023-02-03,Robin Patel,West,Technology,Dell XPS 15,6,1769.33,10615.98,2335.52
ORD-2024-01116,2024-03-16,Riley Dubois,North,Technology,Wireless Noise-Canceling Headphones,1,308.01,308.01,138.6
ORD-2024-01117,2023-05-12,Casey Chen,Central,Apparel,High-Visibility Safety Vest,6,24.04,144.24,93.76
ORD-2024-01118,2023-04-12,Chris Rossi,East,Office Supplies,Gel Ink Pens (Box of 50),7,28.96,202.72,121.63
ORD-2024-01119,2023-09-24,Jamie Murphy,Central,Office Supplies,Gel Ink Pens (Box of 50),1,27.82,27.82,16.69
ORD-2024-01120,2024-08-30,Morgan Smith,East,Technology,Logitech MX Master 3S Mouse,7,94.3,660.1,330.05
ORD-2024-01121,2024-04-09,Jesse Vance,North,Furniture,Solid Oak Conference Table,5,1793.36,8966.8,1793.36
ORD-2024-01122,2024-01-23,Alex Rossi,North,Office Supplies,Thermal Label Printer,1,162.21,162.21,58.4
ORD-2024-01123,2023-04-16,Avery Smith,North,Technology,Logitech MX Master 3S Mouse,3,94.97,284.91,142.46
ORD-2024-01124,2024-01-06,Finley Kowalski,South,Apparel,Embroidered Polo Shirt,7,36.38,254.66,157.89
ORD-2024-01125,2023-03-20,Chris Santos,South,Technology,Wireless Noise-Canceling Headphones,8,308.23,2465.84,1109.63
ORD-2024-01126,2023-01-11,Robin Dubois,North,Apparel,Corporate Softshell Jacket,8,89.21,713.68,392.52
ORD-2024-01127,2023-01-06,Chris Kowalski,North,Technology,Mechanical RGB Keyboard,1,149.54,149.54,62.81
ORD-2024-01128,2023-06-06,Cameron Schmidt,North,Technology,UltraWide 34in Monitor,20,630.81,12616.2,4415.67
ORD-2024-01129,2023-05-10,Pat Rossi,North,Technology,Wireless Noise-Canceling Headphones,5,298.01,1490.05,670.52
ORD-2024-01130,2024-03-22,Dakota Nakamura,Central,Furniture,Steel Filing Cabinet,5,230.16,1035.72,207.14
ORD-2024-01131,2023-06-19,Sam Schmidt,East,Office Supplies,Thermal Label Printer,5,165.05,825.25,297.09
ORD-2024-01132,2024-09-13,Taylor O'Connor,East,Furniture,Electric Standing Desk,2,746.21,1492.42,373.11
ORD-2024-01133,2024-06-07,Alex Patel,South,Technology,Wireless Noise-Canceling Headphones,6,295.96,1598.18,621.51
ORD-2024-01134,2024-03-15,Cameron Schmidt,North,Office Supplies,Heavy-Duty Stapler & Staples,6,33.76,202.56,97.23
ORD-2024-01135,2023-01-10,Cameron Schmidt,East,Technology,MacBook Pro 16,6,2598.65,15591.9,4365.73
ORD-2024-01136,2024-01-30,Skyler Schmidt,East,Technology,Dell XPS 15,2,1812.3,3624.6,797.41
ORD-2024-01137,2024-11-29,Taylor Rossi,West,Office Supplies,Heavy-Duty Stapler & Staples,8,35.0,280.0,134.4
ORD-2024-01138,2023-05-08,Pat Novak,South,Furniture,Acoustic Office Partition,1,332.69,332.69,106.46
ORD-2024-01139,2024-08-12,Robin Patel,South,Apparel,High-Visibility Safety Vest,1,24.95,24.95,16.22
ORD-2024-01140,2023-02-10,Reese Williams,North,Technology,MacBook Pro 16,7,2554.79,17883.53,5007.39
ORD-2024-01141,2023-12-21,Riley Patel,West,Furniture,Acoustic Office Partition,7,333.15,2332.05,746.26
ORD-2024-01142,2024-10-18,Sam Larsson,West,Apparel,Corporate Softshell Jacket,4,81.16,308.41,162.32
ORD-2024-01143,2023-11-27,Cameron Murphy,South,Office Supplies,Thermal Label Printer,6,165.06,940.84,307.01
ORD-2024-01144,2023-09-23,Riley Kim,North,Office Supplies,Premium Copy Paper Carton,6,45.85,275.1,96.29
ORD-2024-01145,2024-01-24,,Central,Technology,Dell XPS 15,3,1766.5,4769.55,635.94
ORD-2024-01146,2024-10-14,Jamie Patel,East,Furniture,Ergonomic Mesh Chair,8,471.44,3771.52,1131.46
ORD-2024-01147,2024-05-09,Finley Novak,West,Technology,UltraWide 34in Monitor,4,659.35,2637.4,923.09
ORD-2024-01148,2023-07-30,Alex Patel,Central,Office Supplies,Premium Copy Paper Carton,4,44.86,179.44,62.8
ORD-2024-01149,2024-05-14,Dakota Larsson,West,Technology,Dell XPS 15,6,1845.86,11075.16,2436.54
ORD-2024-01150,2024-04-09,Avery Nakamura,North,Furniture,Acoustic Office Partition,6,336.11,2016.66,645.33
ORD-2024-01151,2024-09-27,Cameron O'Connor,North,Furniture,Steel Filing Cabinet,5,229.93,1149.65,321.9
ORD-2024-01152,2023-04-15,Jamie Patel,West,Technology,MacBook Pro 16,41,2420.79,89327.15,17865.43
ORD-2024-01153,2023-12-27,Reese Schmidt,North,Technology,Logitech MX Master 3S Mouse,7,99.02,623.83,277.26
ORD-2024-01154,2024-01-14,Finley Kowalski,South,Technology,Mechanical RGB Keyboard,5,144.37,721.85,303.18
ORD-2024-01155,2023-10-10,Skyler Schmidt,East,Furniture,Steel Filing Cabinet,4,230.1,920.4,257.71
ORD-2024-01156,2023-02-24,Pat Williams,North,Office Supplies,Archival Binder Set,5,40.85,204.25,106.21
ORD-2024-01157,2024-02-19,Alex Patel,North,Furniture,Ergonomic Mesh Chair,5,449.78,2248.9,674.67
ORD-2024-01158,2023-07-28,Finley Nakamura,East,Technology,UltraWide 34in Monitor,2,628.56,1257.12,439.99
ORD-2024-01159,2024-09-29,Taylor Novak,West,Furniture,Solid Oak Conference Table,6,1883.57,11301.42,2260.28
ORD-2024-01160,2023-12-07,Jamie Williams,Central,Office Supplies,Gel Ink Pens (Box of 50),6,26.66,159.96,95.98
ORD-2024-01161,2023-06-24,Morgan Rodriguez,East,Office Supplies,Premium Copy Paper Carton,8,46.68,373.44,130.7
ORD-2024-01162,2023-02-16,Finley Patel,East,Office Supplies,Archival Binder Set,3,43.07,129.21,67.19
ORD-2024-01163,2023-04-13,Finley Kowalski,South,Technology,Mechanical RGB Keyboard,5,151.43,757.15,318.0
ORD-2024-01164,2024-04-14,Emerson Rossi,South,Technology,UltraWide 34in Monitor,8,623.87,4990.96,1746.84
ORD-2024-01165,2024-10-17,Morgan Larsson,West,Technology,Wireless Noise-Canceling Headphones,6,298.94,1793.64,807.14
ORD-2024-01166,2024-12-13,,North,Apparel,Fleece Quarter-Zip Pullover,7,65.9,461.3,267.55
ORD-2024-01167,2024-11-26,Pat Rossi,Central,Furniture,Steel Filing Cabinet,5,229.03,973.38,148.87
ORD-2024-01168,2024-02-05,Taylor Schmidt,South,Furniture,Solid Oak Conference Table,6,1911.82,10323.83,1147.09
ORD-2024-01169,2024-08-03,,South,Apparel,Fleece Quarter-Zip Pullover,3,64.78,194.34,112.72
ORD-2024-01170,2023-10-24,Finley Kowalski,North,Furniture,LED Desk Lamp with Wireless Charger,5,75.17,338.27,169.14
ORD-2024-01171,2024-08-30,Reese Schmidt,South,Technology,Wireless Noise-Canceling Headphones,1,285.54,256.99,99.94
ORD-2024-01172,2024-05-29,Pat Rossi,North,Office Supplies,Archival Binder Set,3,44.08,132.24,68.76
ORD-2024-01173,2024-08-22,Morgan Rodriguez,North,Apparel,Fleece Quarter-Zip Pullover,4,67.03,268.12,155.51
ORD-2024-01174,2024-03-08,Morgan Smith,West,Furniture,Ergonomic Mesh Chair,5,435.3,2176.5,652.95
ORD-2024-01175,2023-11-27,Taylor Rossi,East,Office Supplies,Gel Ink Pens (Box of 50),7,28.15,177.34,98.52
ORD-2024-01176,2023-11-01,Skyler Rossi,East,Furniture,LED Desk Lamp with Wireless Charger,7,75.81,530.67,291.87
ORD-2024-01177,2024-05-30,Casey Schmidt,East,Apparel,Fleece Quarter-Zip Pullover,7,64.75,453.25,262.88
ORD-2024-01178,2023-01-28,Sam O'Connor,North,Apparel,High-Visibility Safety Vest,5,24.69,123.45,80.24
ORD-2024-01179,2024-01-18,Pat Rossi,West,Technology,Logitech MX Master 3S Mouse,7,95.3,667.1,333.55
ORD-2024-01180,2024-04-18,Reese Chen,East,Office Supplies,Archival Binder Set,5,43.39,216.95,112.81
ORD-2024-01181,2023-12-08,Taylor Novak,East,Furniture,Solid Oak Conference Table,1,1779.97,1779.97,355.99
ORD-2024-01182,2023-02-24,Riley Kowalski,North,Office Supplies,Archival Binder Set,3,40.84,122.52,63.71
ORD-2024-01183,2023-06-08,Cameron Kowalski,East,Technology,UltraWide 34in Monitor,43,657.03,28252.29,9888.3
ORD-2024-01184,2023-03-10,Kendall Nakamura,West,Technology,Logitech MX Master 3S Mouse,4,95.08,342.29,152.13
ORD-2024-01185,2024-02-05,Emerson Kim,South,Technology,MacBook Pro 16,4,2584.4,10337.6,2894.53
ORD-2024-01186,2024-09-19,Reese Schmidt,East,Office Supplies,Thermal Label Printer,1,154.96,154.96,55.79
ORD-2024-01187,2024-11-04,Finley Rossi,West,Technology,Logitech MX Master 3S Mouse,8,96.92,775.36,387.68
ORD-2024-01188,2024-05-19,Taylor Rossi,South,Technology,UltraWide 34in Monitor,8,643.61,5148.88,1802.11
ORD-2024-01189,2023-01-29,Alex Nakamura,East,Technology,MacBook Pro 16,1,2535.26,2535.26,709.87
ORD-2024-01190,2024-09-26,Taylor Chen,Central,Furniture,Solid Oak Conference Table,8,1808.73,14469.84,2893.97
ORD-2024-01191,2024-01-02,Robin Novak,North,Furniture,Acoustic Office Partition,7,340.44,2383.08,762.59
ORD-2024-01192,2023-06-05,Kendall Novak,East,Technology,Mechanical RGB Keyboard,3,145.7,437.1,183.58
ORD-2024-01193,2023-11-07,Riley Dubois,West,Apparel,Corporate Softshell Jacket,8,85.9,549.76,240.52
ORD-2024-01194,2024-06-03,Taylor Rossi,North,Office Supplies,Archival Binder Set,6,42.35,254.1,132.13
ORD-2024-01195,2023-03-11,Jordan Williams,West,Technology,USB-C Thunderbolt Dock,2,198.99,397.98,151.23
ORD-2024-01196,2023-11-28,Skyler Schmidt,West,Office Supplies,Thermal Label Printer,3,163.65,417.31,103.1
ORD-2024-01197,2023-03-07,Jordan Dubois,North,Technology,UltraWide 34in Monitor,8,666.09,5328.72,1865.05
ORD-2024-01198,2023-01-31,Robin Rodriguez,North,Apparel,Fleece Quarter-Zip Pullover,4,63.02,252.08,146.21
ORD-2024-01199,2024-11-26,Reese Schmidt,West,Technology,Dell XPS 15,4,1724.52,5518.46,137.96
ORD-2024-01200,2023-04-09,Emerson Smith,North,Technology,USB-C Thunderbolt Dock,7,200.36,1402.52,532.96
ORD-2024-00300,2023-07-13,Robin Williams,East,Office Supplies,Heavy-Duty Stapler & Staples,4,34.98,125.93,53.17
ORD-2024-00381,2023-07-05,Skyler Larsson,North,Technology,Wireless Noise-Canceling Headphones,3,312.36,937.08,421.69
ORD-2024-00292,2023-03-26,Dakota Santos,North,Technology,Mechanical RGB Keyboard,4,147.95,562.21,218.97
ORD-2024-00218,2024-07-06,Casey Chen,South,Technology,USB-C Thunderbolt Dock,7,199.57,1396.99,530.86
ORD-2024-00241,2024-04-15,Peyton Patel,North,Furniture,LED Desk Lamp with Wireless Charger,2,80.21,160.42,88.23
